user_id,query
user_1,Non-Fiction
user_1,Romance
user_1,Fantasy
user_1,Non-Fiction
user_1,Sci-Fi
user_1,Non-Fiction
user_1,Non-Fiction
user_1,Fantasy
user_1,Sci-Fi
user_1,Sci-Fi
user_2,Mystery
user_2,Fantasy
user_2,Mystery
user_2,Fantasy
user_2,Sci-Fi
user_2,Sci-Fi
user_2,Mystery
user_2,Sci-Fi
user_2,Mystery
user_2,Non-Fiction
user_3,Romance
user_3,Sci-Fi
user_3,Sci-Fi
user_3,Fantasy
user_3,Romance
user_3,Non-Fiction
user_3,Sci-Fi
user_3,Sci-Fi
user_3,Mystery
user_3,Fantasy
user_4,Fantasy
user_4,Non-Fiction
user_4,Fantasy
user_4,Fantasy
user_4,Romance
user_4,Non-Fiction
user_4,Non-Fiction
user_4,Fantasy
user_4,Sci-Fi
user_4,Non-Fiction
user_5,Sci-Fi
user_5,Non-Fiction
user_5,Non-Fiction
user_5,Non-Fiction
user_5,Fantasy
user_5,Romance
user_5,Mystery
user_5,Romance
user_5,Non-Fiction
user_5,Romance
user_6,Sci-Fi
user_6,Non-Fiction
user_6,Mystery
user_6,Mystery
user_6,Sci-Fi
user_6,Mystery
user_6,Mystery
user_6,Mystery
user_6,Sci-Fi
user_6,Romance
user_7,Sci-Fi
user_7,Romance
user_7,Romance
user_7,Mystery
user_7,Non-Fiction
user_7,Mystery
user_7,Mystery
user_7,Romance
user_7,Non-Fiction
user_7,Romance
user_8,Fantasy
user_8,Non-Fiction
user_8,Non-Fiction
user_8,Romance
user_8,Romance
user_8,Romance
user_8,Non-Fiction
user_8,Sci-Fi
user_8,Fantasy
user_8,Non-Fiction
user_9,Romance
user_9,Non-Fiction
user_9,Romance
user_9,Romance
user_9,Fantasy
user_9,Non-Fiction
user_9,Fantasy
user_9,Non-Fiction
user_9,Non-Fiction
user_9,Fantasy
user_10,Sci-Fi
user_10,Sci-Fi
user_10,Romance
user_10,Romance
user_10,Fantasy
user_10,Sci-Fi
user_10,Fantasy
user_10,Romance
user_10,Romance
user_10,Mystery
user_11,Romance
user_11,Non-Fiction
user_11,Non-Fiction
user_11,Fantasy
user_11,Sci-Fi
user_11,Non-Fiction
user_11,Non-Fiction
user_11,Sci-Fi
user_11,Sci-Fi
user_11,Non-Fiction
user_12,Mystery
user_12,Fantasy
user_12,Romance
user_12,Sci-Fi
user_12,Sci-Fi
user_12,Fantasy
user_12,Sci-Fi
user_12,Non-Fiction
user_12,Fantasy
user_12,Sci-Fi
user_13,Mystery
user_13,Fantasy
user_13,Fantasy
user_13,Romance
user_13,Non-Fiction
user_13,Non-Fiction
user_13,Non-Fiction
user_13,Sci-Fi
user_13,Mystery
user_13,Romance
user_14,Fantasy
user_14,Sci-Fi
user_14,Mystery
user_14,Romance
user_14,Mystery
user_14,Fantasy
user_14,Fantasy
user_14,Sci-Fi
user_14,Romance
user_14,Fantasy
user_15,Mystery
user_15,Romance
user_15,Non-Fiction
user_15,Mystery
user_15,Mystery
user_15,Romance
user_15,Fantasy
user_15,Sci-Fi
user_15,Romance
user_15,Sci-Fi
user_16,Mystery
user_16,Mystery
user_16,Fantasy
user_16,Non-Fiction
user_16,Sci-Fi
user_16,Non-Fiction
user_16,Romance
user_16,Romance
user_16,Mystery
user_16,Fantasy
user_17,Non-Fiction
user_17,Romance
user_17,Fantasy
user_17,Mystery
user_17,Non-Fiction
user_17,Romance
user_17,Non-Fiction
user_17,Mystery
user_17,Non-Fiction
user_17,Mystery
user_18,Fantasy
user_18,Fantasy
user_18,Mystery
user_18,Romance
user_18,Sci-Fi
user_18,Non-Fiction
user_18,Fantasy
user_18,Fantasy
user_18,Non-Fiction
user_18,Sci-Fi
user_19,Non-Fiction
user_19,Romance
user_19,Non-Fiction
user_19,Mystery
user_19,Non-Fiction
user_19,Sci-Fi
user_19,Sci-Fi
user_19,Fantasy
user_19,Mystery
user_19,Non-Fiction
user_20,Sci-Fi
user_20,Sci-Fi
user_20,Fantasy
user_20,Fantasy
user_20,Romance
user_20,Fantasy
user_20,Non-Fiction
user_20,Sci-Fi
user_20,Non-Fiction
user_20,Sci-Fi
user_21,Mystery
user_21,Mystery
user_21,Sci-Fi
user_21,Non-Fiction
user_21,Fantasy
user_21,Fantasy
user_21,Sci-Fi
user_21,Sci-Fi
user_21,Romance
user_21,Romance
user_22,Sci-Fi
user_22,Romance
user_22,Mystery
user_22,Sci-Fi
user_22,Mystery
user_22,Mystery
user_22,Romance
user_22,Romance
user_22,Fantasy
user_22,Mystery
user_23,Non-Fiction
user_23,Sci-Fi
user_23,Romance
user_23,Sci-Fi
user_23,Mystery
user_23,Romance
user_23,Mystery
user_23,Non-Fiction
user_23,Fantasy
user_23,Fantasy
user_24,Romance
user_24,Mystery
user_24,Sci-Fi
user_24,Mystery
user_24,Romance
user_24,Romance
user_24,Non-Fiction
user_24,Sci-Fi
user_24,Fantasy
user_24,Romance
user_25,Sci-Fi
user_25,Sci-Fi
user_25,Mystery
user_25,Mystery
user_25,Romance
user_25,Mystery
user_25,Non-Fiction
user_25,Non-Fiction
user_25,Romance
user_25,Mystery
user_26,Fantasy
user_26,Romance
user_26,Non-Fiction
user_26,Mystery
user_26,Romance
user_26,Non-Fiction
user_26,Non-Fiction
user_26,Fantasy
user_26,Sci-Fi
user_26,Sci-Fi
user_27,Fantasy
user_27,Sci-Fi
user_27,Non-Fiction
user_27,Fantasy
user_27,Mystery
user_27,Fantasy
user_27,Mystery
user_27,Mystery
user_27,Sci-Fi
user_27,Mystery
user_28,Sci-Fi
user_28,Romance
user_28,Romance
user_28,Sci-Fi
user_28,Fantasy
user_28,Romance
user_28,Mystery
user_28,Mystery
user_28,Non-Fiction
user_28,Mystery
user_29,Sci-Fi
user_29,Fantasy
user_29,Non-Fiction
user_29,Non-Fiction
user_29,Mystery
user_29,Non-Fiction
user_29,Non-Fiction
user_29,Sci-Fi
user_29,Mystery
user_29,Romance
user_30,Fantasy
user_30,Fantasy
user_30,Romance
user_30,Mystery
user_30,Romance
user_30,Sci-Fi
user_30,Fantasy
user_30,Fantasy
user_30,Non-Fiction
user_30,Sci-Fi
user_31,Sci-Fi
user_31,Fantasy
user_31,Sci-Fi
user_31,Non-Fiction
user_31,Non-Fiction
user_31,Sci-Fi
user_31,Fantasy
user_31,Non-Fiction
user_31,Mystery
user_31,Romance
user_32,Sci-Fi
user_32,Mystery
user_32,Fantasy
user_32,Mystery
user_32,Mystery
user_32,Non-Fiction
user_32,Fantasy
user_32,Sci-Fi
user_32,Fantasy
user_32,Sci-Fi
user_33,Sci-Fi
user_33,Fantasy
user_33,Non-Fiction
user_33,Romance
user_33,Non-Fiction
user_33,Sci-Fi
user_33,Romance
user_33,Mystery
user_33,Sci-Fi
user_33,Sci-Fi
user_34,Sci-Fi
user_34,Sci-Fi
user_34,Mystery
user_34,Mystery
user_34,Fantasy
user_34,Mystery
user_34,Mystery
user_34,Sci-Fi
user_34,Mystery
user_34,Romance
user_35,Sci-Fi
user_35,Sci-Fi
user_35,Mystery
user_35,Mystery
user_35,Sci-Fi
user_35,Mystery
user_35,Fantasy
user_35,Non-Fiction
user_35,Mystery
user_35,Romance
user_36,Fantasy
user_36,Romance
user_36,Fantasy
user_36,Mystery
user_36,Fantasy
user_36,Sci-Fi
user_36,Romance
user_36,Sci-Fi
user_36,Non-Fiction
user_36,Mystery
user_37,Mystery
user_37,Fantasy
user_37,Romance
user_37,Fantasy
user_37,Romance
user_37,Romance
user_37,Non-Fiction
user_37,Non-Fiction
user_37,Sci-Fi
user_37,Sci-Fi
user_38,Fantasy
user_38,Non-Fiction
user_38,Sci-Fi
user_38,Sci-Fi
user_38,Mystery
user_38,Sci-Fi
user_38,Fantasy
user_38,Fantasy
user_38,Mystery
user_38,Non-Fiction
user_39,Mystery
user_39,Mystery
user_39,Non-Fiction
user_39,Mystery
user_39,Romance
user_39,Sci-Fi
user_39,Non-Fiction
user_39,Fantasy
user_39,Romance
user_39,Sci-Fi
user_40,Fantasy
user_40,Sci-Fi
user_40,Mystery
user_40,Romance
user_40,Non-Fiction
user_40,Mystery
user_40,Romance
user_40,Fantasy
user_40,Fantasy
user_40,Non-Fiction
user_41,Non-Fiction
user_41,Mystery
user_41,Non-Fiction
user_41,Mystery
user_41,Mystery
user_41,Non-Fiction
user_41,Fantasy
user_41,Non-Fiction
user_41,Non-Fiction
user_41,Romance
user_42,Non-Fiction
user_42,Sci-Fi
user_42,Non-Fiction
user_42,Romance
user_42,Non-Fiction
user_42,Romance
user_42,Non-Fiction
user_42,Sci-Fi
user_42,Non-Fiction
user_42,Non-Fiction
user_43,Fantasy
user_43,Non-Fiction
user_43,Romance
user_43,Mystery
user_43,Non-Fiction
user_43,Mystery
user_43,Fantasy
user_43,Non-Fiction
user_43,Romance
user_43,Mystery
user_44,Sci-Fi
user_44,Sci-Fi
user_44,Fantasy
user_44,Sci-Fi
user_44,Sci-Fi
user_44,Romance
user_44,Romance
user_44,Fantasy
user_44,Romance
user_44,Mystery
user_45,Romance
user_45,Sci-Fi
user_45,Non-Fiction
user_45,Fantasy
user_45,Sci-Fi
user_45,Sci-Fi
user_45,Sci-Fi
user_45,Fantasy
user_45,Mystery
user_45,Mystery
user_46,Mystery
user_46,Sci-Fi
user_46,Romance
user_46,Romance
user_46,Mystery
user_46,Romance
user_46,Romance
user_46,Fantasy
user_46,Non-Fiction
user_46,Romance
user_47,Fantasy
user_47,Fantasy
user_47,Romance
user_47,Mystery
user_47,Mystery
user_47,Mystery
user_47,Sci-Fi
user_47,Non-Fiction
user_47,Romance
user_47,Mystery
user_48,Sci-Fi
user_48,Romance
user_48,Romance
user_48,Mystery
user_48,Mystery
user_48,Non-Fiction
user_48,Non-Fiction
user_48,Romance
user_48,Mystery
user_48,Mystery
user_49,Fantasy
user_49,Fantasy
user_49,Romance
user_49,Non-Fiction
user_49,Sci-Fi
user_49,Non-Fiction
user_49,Fantasy
user_49,Romance
user_49,Romance
user_49,Romance
user_50,Non-Fiction
user_50,Non-Fiction
user_50,Non-Fiction
user_50,Romance
user_50,Non-Fiction
user_50,Sci-Fi
user_50,Fantasy
user_50,Fantasy
user_50,Sci-Fi
user_50,Mystery
user_51,Sci-Fi
user_51,Romance
user_51,Sci-Fi
user_51,Non-Fiction
user_51,Mystery
user_51,Romance
user_51,Fantasy
user_51,Mystery
user_51,Non-Fiction
user_51,Romance
user_52,Romance
user_52,Romance
user_52,Non-Fiction
user_52,Sci-Fi
user_52,Sci-Fi
user_52,Mystery
user_52,Fantasy
user_52,Fantasy
user_52,Sci-Fi
user_52,Non-Fiction
user_53,Non-Fiction
user_53,Mystery
user_53,Non-Fiction
user_53,Romance
user_53,Sci-Fi
user_53,Fantasy
user_53,Mystery
user_53,Mystery
user_53,Romance
user_53,Sci-Fi
user_54,Fantasy
user_54,Romance
user_54,Sci-Fi
user_54,Fantasy
user_54,Romance
user_54,Mystery
user_54,Romance
user_54,Sci-Fi
user_54,Mystery
user_54,Non-Fiction
user_55,Non-Fiction
user_55,Sci-Fi
user_55,Romance
user_55,Sci-Fi
user_55,Fantasy
user_55,Non-Fiction
user_55,Sci-Fi
user_55,Sci-Fi
user_55,Mystery
user_55,Romance
user_56,Non-Fiction
user_56,Mystery
user_56,Non-Fiction
user_56,Sci-Fi
user_56,Fantasy
user_56,Sci-Fi
user_56,Sci-Fi
user_56,Sci-Fi
user_56,Non-Fiction
user_56,Fantasy
user_57,Fantasy
user_57,Mystery
user_57,Mystery
user_57,Sci-Fi
user_57,Fantasy
user_57,Mystery
user_57,Sci-Fi
user_57,Fantasy
user_57,Fantasy
user_57,Mystery
user_58,Fantasy
user_58,Romance
user_58,Mystery
user_58,Sci-Fi
user_58,Sci-Fi
user_58,Sci-Fi
user_58,Fantasy
user_58,Mystery
user_58,Mystery
user_58,Fantasy
user_59,Non-Fiction
user_59,Non-Fiction
user_59,Romance
user_59,Non-Fiction
user_59,Romance
user_59,Non-Fiction
user_59,Romance
user_59,Fantasy
user_59,Fantasy
user_59,Romance
user_60,Fantasy
user_60,Fantasy
user_60,Mystery
user_60,Mystery
user_60,Mystery
user_60,Sci-Fi
user_60,Mystery
user_60,Mystery
user_60,Mystery
user_60,Sci-Fi
user_61,Fantasy
user_61,Fantasy
user_61,Mystery
user_61,Non-Fiction
user_61,Mystery
user_61,Non-Fiction
user_61,Mystery
user_61,Fantasy
user_61,Mystery
user_61,Sci-Fi
user_62,Fantasy
user_62,Fantasy
user_62,Non-Fiction
user_62,Sci-Fi
user_62,Fantasy
user_62,Non-Fiction
user_62,Sci-Fi
user_62,Romance
user_62,Non-Fiction
user_62,Sci-Fi
user_63,Romance
user_63,Mystery
user_63,Fantasy
user_63,Mystery
user_63,Mystery
user_63,Fantasy
user_63,Fantasy
user_63,Romance
user_63,Sci-Fi
user_63,Mystery
user_64,Fantasy
user_64,Fantasy
user_64,Mystery
user_64,Romance
user_64,Fantasy
user_64,Non-Fiction
user_64,Mystery
user_64,Romance
user_64,Sci-Fi
user_64,Mystery
user_65,Sci-Fi
user_65,Mystery
user_65,Fantasy
user_65,Fantasy
user_65,Romance
user_65,Mystery
user_65,Romance
user_65,Non-Fiction
user_65,Fantasy
user_65,Romance
user_66,Sci-Fi
user_66,Romance
user_66,Sci-Fi
user_66,Mystery
user_66,Non-Fiction
user_66,Non-Fiction
user_66,Non-Fiction
user_66,Fantasy
user_66,Mystery
user_66,Fantasy
user_67,Non-Fiction
user_67,Fantasy
user_67,Fantasy
user_67,Mystery
user_67,Non-Fiction
user_67,Sci-Fi
user_67,Fantasy
user_67,Sci-Fi
user_67,Non-Fiction
user_67,Mystery
user_68,Fantasy
user_68,Fantasy
user_68,Sci-Fi
user_68,Sci-Fi
user_68,Romance
user_68,Romance
user_68,Non-Fiction
user_68,Non-Fiction
user_68,Fantasy
user_68,Mystery
user_69,Sci-Fi
user_69,Sci-Fi
user_69,Sci-Fi
user_69,Non-Fiction
user_69,Non-Fiction
user_69,Sci-Fi
user_69,Mystery
user_69,Mystery
user_69,Sci-Fi
user_69,Fantasy
user_70,Mystery
user_70,Romance
user_70,Fantasy
user_70,Sci-Fi
user_70,Mystery
user_70,Non-Fiction
user_70,Sci-Fi
user_70,Mystery
user_70,Non-Fiction
user_70,Non-Fiction
user_71,Romance
user_71,Non-Fiction
user_71,Mystery
user_71,Mystery
user_71,Mystery
user_71,Romance
user_71,Sci-Fi
user_71,Non-Fiction
user_71,Fantasy
user_71,Fantasy
user_72,Mystery
user_72,Mystery
user_72,Fantasy
user_72,Fantasy
user_72,Mystery
user_72,Romance
user_72,Fantasy
user_72,Sci-Fi
user_72,Romance
user_72,Non-Fiction
user_73,Romance
user_73,Romance
user_73,Sci-Fi
user_73,Romance
user_73,Non-Fiction
user_73,Non-Fiction
user_73,Non-Fiction
user_73,Sci-Fi
user_73,Fantasy
user_73,Non-Fiction
user_74,Mystery
user_74,Fantasy
user_74,Romance
user_74,Mystery
user_74,Sci-Fi
user_74,Fantasy
user_74,Fantasy
user_74,Sci-Fi
user_74,Mystery
user_74,Sci-Fi
user_75,Non-Fiction
user_75,Romance
user_75,Sci-Fi
user_75,Sci-Fi
user_75,Romance
user_75,Fantasy
user_75,Sci-Fi
user_75,Fantasy
user_75,Sci-Fi
user_75,Sci-Fi
user_76,Mystery
user_76,Non-Fiction
user_76,Fantasy
user_76,Fantasy
user_76,Sci-Fi
user_76,Mystery
user_76,Mystery
user_76,Fantasy
user_76,Non-Fiction
user_76,Non-Fiction
user_77,Mystery
user_77,Fantasy
user_77,Mystery
user_77,Romance
user_77,Mystery
user_77,Mystery
user_77,Romance
user_77,Sci-Fi
user_77,Mystery
user_77,Romance
user_78,Sci-Fi
user_78,Mystery
user_78,Romance
user_78,Sci-Fi
user_78,Non-Fiction
user_78,Mystery
user_78,Non-Fiction
user_78,Mystery
user_78,Non-Fiction
user_78,Mystery
user_79,Fantasy
user_79,Mystery
user_79,Non-Fiction
user_79,Romance
user_79,Fantasy
user_79,Sci-Fi
user_79,Non-Fiction
user_79,Fantasy
user_79,Fantasy
user_79,Sci-Fi
user_80,Mystery
user_80,Mystery
user_80,Fantasy
user_80,Non-Fiction
user_80,Mystery
user_80,Non-Fiction
user_80,Romance
user_80,Romance
user_80,Non-Fiction
user_80,Non-Fiction
user_81,Non-Fiction
user_81,Sci-Fi
user_81,Non-Fiction
user_81,Mystery
user_81,Romance
user_81,Romance
user_81,Fantasy
user_81,Non-Fiction
user_81,Fantasy
user_81,Romance
user_82,Non-Fiction
user_82,Mystery
user_82,Fantasy
user_82,Mystery
user_82,Mystery
user_82,Fantasy
user_82,Fantasy
user_82,Fantasy
user_82,Sci-Fi
user_82,Non-Fiction
user_83,Mystery
user_83,Fantasy
user_83,Romance
user_83,Non-Fiction
user_83,Sci-Fi
user_83,Non-Fiction
user_83,Romance
user_83,Fantasy
user_83,Fantasy
user_83,Romance
user_84,Fantasy
user_84,Sci-Fi
user_84,Romance
user_84,Non-Fiction
user_84,Sci-Fi
user_84,Sci-Fi
user_84,Fantasy
user_84,Romance
user_84,Sci-Fi
user_84,Fantasy
user_85,Romance
user_85,Romance
user_85,Romance
user_85,Romance
user_85,Non-Fiction
user_85,Sci-Fi
user_85,Sci-Fi
user_85,Romance
user_85,Fantasy
user_85,Non-Fiction
user_86,Romance
user_86,Non-Fiction
user_86,Non-Fiction
user_86,Fantasy
user_86,Sci-Fi
user_86,Mystery
user_86,Romance
user_86,Sci-Fi
user_86,Romance
user_86,Non-Fiction
user_87,Fantasy
user_87,Sci-Fi
user_87,Mystery
user_87,Romance
user_87,Romance
user_87,Non-Fiction
user_87,Non-Fiction
user_87,Non-Fiction
user_87,Non-Fiction
user_87,Fantasy
user_88,Mystery
user_88,Non-Fiction
user_88,Romance
user_88,Mystery
user_88,Sci-Fi
user_88,Romance
user_88,Non-Fiction
user_88,Fantasy
user_88,Fantasy
user_88,Romance
user_89,Sci-Fi
user_89,Romance
user_89,Fantasy
user_89,Sci-Fi
user_89,Mystery
user_89,Non-Fiction
user_89,Fantasy
user_89,Romance
user_89,Mystery
user_89,Mystery
user_90,Fantasy
user_90,Romance
user_90,Mystery
user_90,Mystery
user_90,Sci-Fi
user_90,Mystery
user_90,Non-Fiction
user_90,Sci-Fi
user_90,Sci-Fi
user_90,Non-Fiction
user_91,Sci-Fi
user_91,Sci-Fi
user_91,Non-Fiction
user_91,Romance
user_91,Non-Fiction
user_91,Romance
user_91,Fantasy
user_91,Non-Fiction
user_91,Mystery
user_91,Mystery
user_92,Sci-Fi
user_92,Mystery
user_92,Sci-Fi
user_92,Fantasy
user_92,Romance
user_92,Romance
user_92,Romance
user_92,Non-Fiction
user_92,Sci-Fi
user_92,Sci-Fi
user_93,Sci-Fi
user_93,Romance
user_93,Sci-Fi
user_93,Non-Fiction
user_93,Mystery
user_93,Sci-Fi
user_93,Romance
user_93,Mystery
user_93,Non-Fiction
user_93,Fantasy
user_94,Mystery
user_94,Mystery
user_94,Fantasy
user_94,Romance
user_94,Mystery
user_94,Romance
user_94,Romance
user_94,Fantasy
user_94,Fantasy
user_94,Mystery
user_95,Romance
user_95,Mystery
user_95,Romance
user_95,Non-Fiction
user_95,Fantasy
user_95,Mystery
user_95,Non-Fiction
user_95,Mystery
user_95,Mystery
user_95,Romance
user_96,Fantasy
user_96,Mystery
user_96,Non-Fiction
user_96,Non-Fiction
user_96,Sci-Fi
user_96,Mystery
user_96,Sci-Fi
user_96,Sci-Fi
user_96,Fantasy
user_96,Non-Fiction
user_97,Fantasy
user_97,Mystery
user_97,Mystery
user_97,Romance
user_97,Fantasy
user_97,Non-Fiction
user_97,Non-Fiction
user_97,Non-Fiction
user_97,Non-Fiction
user_97,Romance
user_98,Sci-Fi
user_98,Mystery
user_98,Sci-Fi
user_98,Fantasy
user_98,Mystery
user_98,Mystery
user_98,Non-Fiction
user_98,Non-Fiction
user_98,Mystery
user_98,Sci-Fi
user_99,Fantasy
user_99,Romance
user_99,Non-Fiction
user_99,Sci-Fi
user_99,Fantasy
user_99,Sci-Fi
user_99,Sci-Fi
user_99,Romance
user_99,Mystery
user_99,Non-Fiction
user_100,Mystery
user_100,Romance
user_100,Sci-Fi
user_100,Sci-Fi
user_100,Sci-Fi
user_100,Mystery
user_100,Mystery
user_100,Fantasy
user_100,Mystery
user_100,Sci-Fi
