user_id,book_id,rating
user_1,book_608,2
user_1,book_2,4
user_1,book_832,5
user_1,book_87,3
user_1,book_25,2
user_1,book_734,5
user_1,book_620,4
user_1,book_973,3
user_1,book_707,5
user_1,book_464,3
user_1,book_890,1
user_1,book_824,3
user_1,book_492,5
user_1,book_682,5
user_1,book_463,2
user_1,book_838,3
user_1,book_600,1
user_1,book_110,5
user_1,book_572,3
user_1,book_96,2
user_1,book_989,5
user_1,book_887,4
user_1,book_718,5
user_1,book_984,2
user_1,book_149,5
user_1,book_631,3
user_1,book_510,3
user_1,book_372,1
user_1,book_118,5
user_1,book_19,1
user_1,book_595,1
user_1,book_559,1
user_1,book_511,1
user_1,book_213,1
user_1,book_373,5
user_1,book_546,3
user_1,book_286,3
user_1,book_818,4
user_1,book_120,4
user_1,book_426,4
user_1,book_525,4
user_1,book_300,5
user_1,book_95,5
user_1,book_635,2
user_1,book_311,5
user_1,book_760,1
user_1,book_583,4
user_1,book_807,1
user_1,book_255,3
user_1,book_596,4
user_2,book_461,1
user_2,book_113,2
user_2,book_132,2
user_2,book_344,4
user_2,book_330,2
user_2,book_646,3
user_2,book_886,1
user_2,book_163,2
user_2,book_120,1
user_2,book_722,2
user_2,book_359,5
user_2,book_989,3
user_2,book_80,2
user_2,book_219,4
user_2,book_979,3
user_2,book_533,5
user_2,book_166,1
user_2,book_947,3
user_2,book_72,3
user_2,book_691,2
user_2,book_263,2
user_2,book_902,3
user_2,book_116,2
user_2,book_616,5
user_2,book_448,2
user_2,book_936,3
user_2,book_594,3
user_2,book_145,5
user_2,book_942,1
user_2,book_364,4
user_2,book_86,5
user_2,book_669,3
user_2,book_490,3
user_2,book_628,3
user_2,book_705,3
user_2,book_589,3
user_2,book_797,2
user_2,book_555,2
user_2,book_407,3
user_2,book_677,1
user_2,book_491,1
user_2,book_741,5
user_2,book_833,4
user_2,book_477,1
user_2,book_190,4
user_2,book_603,1
user_2,book_77,1
user_2,book_241,3
user_2,book_111,2
user_2,book_918,2
user_3,book_877,5
user_3,book_277,1
user_3,book_869,5
user_3,book_423,3
user_3,book_891,2
user_3,book_863,1
user_3,book_758,5
user_3,book_548,4
user_3,book_142,5
user_3,book_581,2
user_3,book_320,2
user_3,book_503,3
user_3,book_961,4
user_3,book_137,5
user_3,book_200,2
user_3,book_296,1
user_3,book_212,5
user_3,book_998,5
user_3,book_785,3
user_3,book_991,2
user_3,book_472,1
user_3,book_893,4
user_3,book_78,5
user_3,book_323,1
user_3,book_817,5
user_3,book_966,4
user_3,book_180,5
user_3,book_312,3
user_3,book_287,2
user_3,book_999,5
user_3,book_816,2
user_3,book_627,4
user_3,book_900,4
user_3,book_489,5
user_3,book_459,3
user_3,book_592,1
user_3,book_586,1
user_3,book_160,5
user_3,book_130,2
user_3,book_686,5
user_3,book_729,4
user_3,book_368,2
user_3,book_54,2
user_3,book_734,2
user_3,book_31,3
user_3,book_917,5
user_3,book_440,3
user_3,book_855,5
user_3,book_678,4
user_3,book_724,2
user_4,book_434,4
user_4,book_871,1
user_4,book_560,2
user_4,book_83,1
user_4,book_504,5
user_4,book_800,3
user_4,book_521,5
user_4,book_796,5
user_4,book_429,2
user_4,book_181,3
user_4,book_819,3
user_4,book_189,1
user_4,book_855,4
user_4,book_378,5
user_4,book_909,1
user_4,book_384,4
user_4,book_698,3
user_4,book_616,3
user_4,book_196,1
user_4,book_724,3
user_4,book_362,3
user_4,book_974,2
user_4,book_931,4
user_4,book_207,3
user_4,book_695,4
user_4,book_163,2
user_4,book_444,2
user_4,book_648,1
user_4,book_359,3
user_4,book_103,4
user_4,book_866,4
user_4,book_835,3
user_4,book_72,5
user_4,book_917,4
user_4,book_51,3
user_4,book_216,1
user_4,book_782,3
user_4,book_830,1
user_4,book_117,1
user_4,book_727,4
user_4,book_662,1
user_4,book_838,4
user_4,book_132,2
user_4,book_280,2
user_4,book_85,1
user_4,book_1000,1
user_4,book_685,3
user_4,book_453,4
user_4,book_198,2
user_4,book_171,3
user_5,book_664,2
user_5,book_248,5
user_5,book_517,4
user_5,book_630,2
user_5,book_688,3
user_5,book_293,2
user_5,book_221,3
user_5,book_744,5
user_5,book_958,5
user_5,book_613,3
user_5,book_670,5
user_5,book_672,2
user_5,book_957,3
user_5,book_698,2
user_5,book_34,3
user_5,book_656,4
user_5,book_351,4
user_5,book_919,1
user_5,book_869,1
user_5,book_329,3
user_5,book_658,3
user_5,book_631,4
user_5,book_884,4
user_5,book_932,2
user_5,book_453,2
user_5,book_410,2
user_5,book_148,4
user_5,book_105,2
user_5,book_38,5
user_5,book_264,3
user_5,book_218,2
user_5,book_988,5
user_5,book_87,1
user_5,book_775,4
user_5,book_777,3
user_5,book_669,3
user_5,book_237,3
user_5,book_306,4
user_5,book_591,1
user_5,book_390,3
user_5,book_336,1
user_5,book_584,1
user_5,book_81,2
user_5,book_307,4
user_5,book_583,3
user_5,book_757,1
user_5,book_675,4
user_5,book_361,1
user_5,book_555,4
user_5,book_244,3
user_6,book_393,5
user_6,book_658,5
user_6,book_591,4
user_6,book_935,5
user_6,book_966,3
user_6,book_967,1
user_6,book_687,4
user_6,book_470,2
user_6,book_556,1
user_6,book_515,3
user_6,book_451,3
user_6,book_744,4
user_6,book_302,5
user_6,book_759,2
user_6,book_137,3
user_6,book_143,1
user_6,book_885,3
user_6,book_717,1
user_6,book_419,5
user_6,book_546,3
user_6,book_476,5
user_6,book_484,4
user_6,book_338,2
user_6,book_499,5
user_6,book_815,3
user_6,book_275,4
user_6,book_700,5
user_6,book_922,2
user_6,book_855,3
user_6,book_919,3
user_6,book_199,3
user_6,book_825,5
user_6,book_219,4
user_6,book_426,2
user_6,book_544,1
user_6,book_821,3
user_6,book_823,4
user_6,book_527,4
user_6,book_413,2
user_6,book_904,5
user_6,book_122,1
user_6,book_253,1
user_6,book_532,3
user_6,book_684,4
user_6,book_737,5
user_6,book_441,3
user_6,book_13,1
user_6,book_300,5
user_6,book_501,5
user_6,book_964,1
user_7,book_93,2
user_7,book_460,5
user_7,book_556,3
user_7,book_388,5
user_7,book_243,1
user_7,book_696,5
user_7,book_129,2
user_7,book_118,1
user_7,book_26,2
user_7,book_146,4
user_7,book_291,3
user_7,book_894,5
user_7,book_515,5
user_7,book_74,2
user_7,book_293,2
user_7,book_688,1
user_7,book_431,2
user_7,book_333,3
user_7,book_878,1
user_7,book_619,4
user_7,book_364,4
user_7,book_201,1
user_7,book_198,2
user_7,book_622,3
user_7,book_370,3
user_7,book_124,2
user_7,book_743,3
user_7,book_399,5
user_7,book_497,1
user_7,book_932,1
user_7,book_740,3
user_7,book_323,5
user_7,book_174,4
user_7,book_423,5
user_7,book_86,3
user_7,book_148,4
user_7,book_432,3
user_7,book_598,2
user_7,book_286,2
user_7,book_854,5
user_7,book_20,5
user_7,book_157,2
user_7,book_758,4
user_7,book_294,5
user_7,book_815,1
user_7,book_557,4
user_7,book_860,5
user_7,book_226,1
user_7,book_535,3
user_7,book_85,5
user_8,book_237,5
user_8,book_964,3
user_8,book_957,2
user_8,book_471,3
user_8,book_291,4
user_8,book_173,1
user_8,book_346,5
user_8,book_505,1
user_8,book_786,2
user_8,book_112,2
user_8,book_648,3
user_8,book_488,5
user_8,book_767,5
user_8,book_70,4
user_8,book_326,4
user_8,book_876,3
user_8,book_215,2
user_8,book_429,3
user_8,book_89,2
user_8,book_166,2
user_8,book_927,5
user_8,book_727,4
user_8,book_82,1
user_8,book_434,1
user_8,book_733,1
user_8,book_200,3
user_8,book_17,3
user_8,book_251,5
user_8,book_214,3
user_8,book_750,2
user_8,book_2,5
user_8,book_314,4
user_8,book_747,1
user_8,book_53,2
user_8,book_777,4
user_8,book_793,3
user_8,book_180,4
user_8,book_942,1
user_8,book_849,5
user_8,book_997,2
user_8,book_279,1
user_8,book_617,3
user_8,book_785,2
user_8,book_665,2
user_8,book_119,4
user_8,book_906,2
user_8,book_515,1
user_8,book_236,3
user_8,book_64,5
user_8,book_402,2
user_9,book_592,4
user_9,book_814,3
user_9,book_706,5
user_9,book_999,1
user_9,book_485,3
user_9,book_126,5
user_9,book_732,3
user_9,book_691,3
user_9,book_243,3
user_9,book_694,3
user_9,book_936,1
user_9,book_212,5
user_9,book_363,1
user_9,book_923,5
user_9,book_962,3
user_9,book_845,1
user_9,book_949,1
user_9,book_282,4
user_9,book_430,3
user_9,book_932,4
user_9,book_874,3
user_9,book_558,2
user_9,book_174,4
user_9,book_249,4
user_9,book_450,2
user_9,book_180,4
user_9,book_526,4
user_9,book_916,2
user_9,book_530,1
user_9,book_150,2
user_9,book_717,1
user_9,book_866,2
user_9,book_117,1
user_9,book_188,1
user_9,book_582,3
user_9,book_602,3
user_9,book_816,4
user_9,book_219,2
user_9,book_873,3
user_9,book_810,1
user_9,book_30,4
user_9,book_191,1
user_9,book_697,2
user_9,book_380,5
user_9,book_775,5
user_9,book_907,3
user_9,book_931,4
user_9,book_945,5
user_9,book_913,3
user_9,book_299,4
user_10,book_181,2
user_10,book_642,2
user_10,book_658,3
user_10,book_470,1
user_10,book_969,1
user_10,book_995,3
user_10,book_427,3
user_10,book_673,1
user_10,book_326,3
user_10,book_421,5
user_10,book_675,3
user_10,book_633,3
user_10,book_743,3
user_10,book_704,5
user_10,book_933,4
user_10,book_199,1
user_10,book_65,2
user_10,book_155,3
user_10,book_227,2
user_10,book_495,5
user_10,book_493,1
user_10,book_582,1
user_10,book_945,5
user_10,book_381,2
user_10,book_185,4
user_10,book_28,3
user_10,book_780,4
user_10,book_290,3
user_10,book_392,3
user_10,book_732,5
user_10,book_616,4
user_10,book_665,4
user_10,book_917,3
user_10,book_11,5
user_10,book_624,1
user_10,book_585,1
user_10,book_638,3
user_10,book_117,5
user_10,book_26,1
user_10,book_612,5
user_10,book_891,1
user_10,book_697,1
user_10,book_771,2
user_10,book_980,2
user_10,book_42,1
user_10,book_754,3
user_10,book_122,4
user_10,book_357,3
user_10,book_836,4
user_10,book_485,4
user_11,book_152,1
user_11,book_160,2
user_11,book_643,4
user_11,book_709,1
user_11,book_487,2
user_11,book_749,4
user_11,book_651,4
user_11,book_456,4
user_11,book_979,4
user_11,book_312,1
user_11,book_131,4
user_11,book_973,2
user_11,book_276,2
user_11,book_284,1
user_11,book_395,1
user_11,book_372,4
user_11,book_290,5
user_11,book_223,2
user_11,book_889,4
user_11,book_199,3
user_11,book_321,5
user_11,book_266,5
user_11,book_59,4
user_11,book_568,1
user_11,book_797,4
user_11,book_308,4
user_11,book_21,3
user_11,book_938,5
user_11,book_908,4
user_11,book_401,4
user_11,book_147,4
user_11,book_597,4
user_11,book_363,3
user_11,book_138,4
user_11,book_535,3
user_11,book_125,1
user_11,book_892,5
user_11,book_71,2
user_11,book_669,3
user_11,book_905,3
user_11,book_883,1
user_11,book_476,1
user_11,book_687,3
user_11,book_38,4
user_11,book_956,1
user_11,book_965,5
user_11,book_920,4
user_11,book_326,3
user_11,book_987,3
user_11,book_884,4
user_12,book_161,3
user_12,book_831,4
user_12,book_925,3
user_12,book_236,5
user_12,book_409,1
user_12,book_876,5
user_12,book_326,4
user_12,book_743,3
user_12,book_117,5
user_12,book_953,1
user_12,book_495,2
user_12,book_988,4
user_12,book_585,4
user_12,book_383,5
user_12,book_558,4
user_12,book_159,1
user_12,book_315,5
user_12,book_10,1
user_12,book_807,4
user_12,book_336,2
user_12,book_294,1
user_12,book_838,1
user_12,book_525,3
user_12,book_616,1
user_12,book_224,3
user_12,book_74,3
user_12,book_103,5
user_12,book_432,1
user_12,book_634,1
user_12,book_396,5
user_12,book_768,3
user_12,book_752,5
user_12,book_127,4
user_12,book_307,5
user_12,book_335,1
user_12,book_734,5
user_12,book_950,1
user_12,book_703,5
user_12,book_113,3
user_12,book_581,4
user_12,book_919,2
user_12,book_679,3
user_12,book_671,4
user_12,book_84,2
user_12,book_407,5
user_12,book_790,1
user_12,book_440,1
user_12,book_31,1
user_12,book_718,2
user_12,book_208,4
user_13,book_412,5
user_13,book_874,2
user_13,book_739,3
user_13,book_631,2
user_13,book_621,5
user_13,book_295,4
user_13,book_708,5
user_13,book_681,5
user_13,book_254,1
user_13,book_906,5
user_13,book_556,5
user_13,book_704,3
user_13,book_998,5
user_13,book_458,4
user_13,book_191,3
user_13,book_8,1
user_13,book_686,4
user_13,book_85,3
user_13,book_697,5
user_13,book_819,3
user_13,book_108,2
user_13,book_333,1
user_13,book_242,3
user_13,book_606,5
user_13,book_114,2
user_13,book_409,3
user_13,book_683,3
user_13,book_347,3
user_13,book_597,2
user_13,book_439,2
user_13,book_225,1
user_13,book_520,5
user_13,book_522,4
user_13,book_742,2
user_13,book_42,3
user_13,book_214,4
user_13,book_31,4
user_13,book_999,2
user_13,book_964,5
user_13,book_545,3
user_13,book_1000,4
user_13,book_64,3
user_13,book_156,4
user_13,book_422,1
user_13,book_936,1
user_13,book_145,2
user_13,book_416,3
user_13,book_128,3
user_13,book_446,2
user_13,book_263,1
user_14,book_898,3
user_14,book_458,5
user_14,book_149,3
user_14,book_675,4
user_14,book_948,3
user_14,book_239,5
user_14,book_846,2
user_14,book_908,3
user_14,book_951,1
user_14,book_787,3
user_14,book_446,4
user_14,book_994,4
user_14,book_54,2
user_14,book_887,5
user_14,book_470,1
user_14,book_722,5
user_14,book_650,5
user_14,book_276,2
user_14,book_497,1
user_14,book_527,3
user_14,book_456,1
user_14,book_280,2
user_14,book_766,3
user_14,book_721,5
user_14,book_708,5
user_14,book_434,4
user_14,book_949,5
user_14,book_417,1
user_14,book_877,4
user_14,book_596,2
user_14,book_791,3
user_14,book_192,4
user_14,book_491,5
user_14,book_390,1
user_14,book_41,2
user_14,book_982,1
user_14,book_745,1
user_14,book_429,2
user_14,book_659,1
user_14,book_626,4
user_14,book_941,3
user_14,book_391,3
user_14,book_955,5
user_14,book_94,4
user_14,book_597,4
user_14,book_599,1
user_14,book_198,1
user_14,book_447,5
user_14,book_190,3
user_14,book_284,1
user_15,book_878,3
user_15,book_741,3
user_15,book_654,5
user_15,book_718,4
user_15,book_167,4
user_15,book_641,1
user_15,book_2,4
user_15,book_509,1
user_15,book_244,2
user_15,book_605,2
user_15,book_535,3
user_15,book_494,4
user_15,book_23,2
user_15,book_725,3
user_15,book_300,1
user_15,book_66,3
user_15,book_440,1
user_15,book_142,5
user_15,book_842,1
user_15,book_212,3
user_15,book_573,5
user_15,book_367,5
user_15,book_155,4
user_15,book_606,2
user_15,book_421,2
user_15,book_394,4
user_15,book_566,4
user_15,book_467,5
user_15,book_930,2
user_15,book_840,5
user_15,book_901,2
user_15,book_610,5
user_15,book_591,4
user_15,book_501,3
user_15,book_233,3
user_15,book_301,4
user_15,book_468,2
user_15,book_3,4
user_15,book_920,2
user_15,book_456,3
user_15,book_723,3
user_15,book_859,3
user_15,book_775,1
user_15,book_414,1
user_15,book_893,3
user_15,book_631,5
user_15,book_201,3
user_15,book_890,3
user_15,book_354,5
user_15,book_123,4
user_16,book_638,1
user_16,book_371,4
user_16,book_665,4
user_16,book_613,5
user_16,book_193,1
user_16,book_5,1
user_16,book_957,4
user_16,book_440,1
user_16,book_379,5
user_16,book_446,1
user_16,book_35,1
user_16,book_854,1
user_16,book_802,3
user_16,book_278,5
user_16,book_569,5
user_16,book_817,1
user_16,book_672,5
user_16,book_258,3
user_16,book_463,4
user_16,book_990,5
user_16,book_682,3
user_16,book_836,1
user_16,book_447,5
user_16,book_921,1
user_16,book_644,3
user_16,book_128,2
user_16,book_995,1
user_16,book_135,4
user_16,book_202,2
user_16,book_331,5
user_16,book_581,5
user_16,book_545,1
user_16,book_507,5
user_16,book_94,4
user_16,book_927,4
user_16,book_445,1
user_16,book_199,4
user_16,book_941,1
user_16,book_912,4
user_16,book_262,3
user_16,book_73,2
user_16,book_606,1
user_16,book_313,2
user_16,book_280,5
user_16,book_314,5
user_16,book_77,4
user_16,book_592,4
user_16,book_761,1
user_16,book_934,1
user_16,book_69,3
user_17,book_79,3
user_17,book_134,1
user_17,book_356,2
user_17,book_815,4
user_17,book_558,4
user_17,book_4,2
user_17,book_568,3
user_17,book_799,5
user_17,book_616,4
user_17,book_164,2
user_17,book_767,1
user_17,book_741,2
user_17,book_973,1
user_17,book_828,1
user_17,book_349,3
user_17,book_94,1
user_17,book_81,3
user_17,book_977,5
user_17,book_395,2
user_17,book_995,5
user_17,book_969,2
user_17,book_514,5
user_17,book_112,5
user_17,book_493,4
user_17,book_103,4
user_17,book_818,1
user_17,book_519,4
user_17,book_291,1
user_17,book_323,2
user_17,book_443,1
user_17,book_315,3
user_17,book_693,1
user_17,book_613,3
user_17,book_589,3
user_17,book_492,2
user_17,book_676,1
user_17,book_567,5
user_17,book_785,1
user_17,book_411,3
user_17,book_983,1
user_17,book_533,1
user_17,book_168,4
user_17,book_141,4
user_17,book_61,5
user_17,book_425,4
user_17,book_509,3
user_17,book_232,4
user_17,book_452,5
user_17,book_144,5
user_17,book_491,3
user_18,book_923,4
user_18,book_672,1
user_18,book_869,1
user_18,book_636,1
user_18,book_487,2
user_18,book_278,3
user_18,book_537,3
user_18,book_738,4
user_18,book_981,5
user_18,book_296,4
user_18,book_67,3
user_18,book_9,2
user_18,book_555,1
user_18,book_249,5
user_18,book_908,4
user_18,book_979,4
user_18,book_281,5
user_18,book_843,1
user_18,book_811,5
user_18,book_362,4
user_18,book_709,5
user_18,book_151,3
user_18,book_239,5
user_18,book_132,3
user_18,book_419,3
user_18,book_821,1
user_18,book_732,2
user_18,book_906,4
user_18,book_841,2
user_18,book_929,2
user_18,book_257,1
user_18,book_657,3
user_18,book_209,2
user_18,book_918,3
user_18,book_333,1
user_18,book_627,3
user_18,book_299,4
user_18,book_755,2
user_18,book_587,3
user_18,book_91,2
user_18,book_103,1
user_18,book_840,5
user_18,book_150,1
user_18,book_566,3
user_18,book_236,4
user_18,book_794,5
user_18,book_667,4
user_18,book_875,5
user_18,book_55,5
user_18,book_978,2
user_19,book_358,1
user_19,book_626,1
user_19,book_385,2
user_19,book_307,5
user_19,book_494,1
user_19,book_561,1
user_19,book_321,1
user_19,book_802,5
user_19,book_896,4
user_19,book_610,4
user_19,book_428,1
user_19,book_914,1
user_19,book_853,2
user_19,book_363,1
user_19,book_563,5
user_19,book_43,2
user_19,book_998,4
user_19,book_828,4
user_19,book_333,1
user_19,book_803,2
user_19,book_160,1
user_19,book_800,4
user_19,book_960,4
user_19,book_944,4
user_19,book_714,1
user_19,book_67,5
user_19,book_245,4
user_19,book_242,5
user_19,book_2,1
user_19,book_503,2
user_19,book_557,4
user_19,book_411,1
user_19,book_92,2
user_19,book_296,2
user_19,book_613,3
user_19,book_615,5
user_19,book_15,1
user_19,book_59,3
user_19,book_852,3
user_19,book_607,2
user_19,book_257,4
user_19,book_384,5
user_19,book_489,4
user_19,book_129,1
user_19,book_911,2
user_19,book_77,1
user_19,book_952,1
user_19,book_633,3
user_19,book_812,4
user_19,book_256,5
user_20,book_827,3
user_20,book_463,1
user_20,book_319,1
user_20,book_142,4
user_20,book_237,2
user_20,book_359,5
user_20,book_121,4
user_20,book_598,5
user_20,book_849,5
user_20,book_95,2
user_20,book_675,1
user_20,book_172,4
user_20,book_348,5
user_20,book_755,4
user_20,book_193,5
user_20,book_678,5
user_20,book_648,1
user_20,book_182,4
user_20,book_645,3
user_20,book_53,5
user_20,book_500,1
user_20,book_296,2
user_20,book_848,2
user_20,book_885,5
user_20,book_4,3
user_20,book_699,4
user_20,book_371,1
user_20,book_544,2
user_20,book_620,1
user_20,book_393,5
user_20,book_271,3
user_20,book_201,2
user_20,book_108,4
user_20,book_123,2
user_20,book_414,1
user_20,book_332,3
user_20,book_470,2
user_20,book_181,1
user_20,book_64,2
user_20,book_876,5
user_20,book_713,5
user_20,book_417,5
user_20,book_833,5
user_20,book_423,2
user_20,book_501,4
user_20,book_562,3
user_20,book_314,4
user_20,book_84,3
user_20,book_302,5
user_20,book_433,3
user_21,book_78,3
user_21,book_766,2
user_21,book_889,2
user_21,book_874,3
user_21,book_123,5
user_21,book_287,5
user_21,book_995,5
user_21,book_804,2
user_21,book_214,2
user_21,book_682,2
user_21,book_255,2
user_21,book_930,3
user_21,book_378,3
user_21,book_645,5
user_21,book_628,1
user_21,book_758,3
user_21,book_298,1
user_21,book_983,4
user_21,book_553,1
user_21,book_70,5
user_21,book_227,2
user_21,book_19,3
user_21,book_279,1
user_21,book_738,1
user_21,book_839,4
user_21,book_237,3
user_21,book_970,5
user_21,book_569,3
user_21,book_41,3
user_21,book_552,3
user_21,book_611,5
user_21,book_544,1
user_21,book_971,5
user_21,book_222,1
user_21,book_684,4
user_21,book_489,2
user_21,book_729,5
user_21,book_393,1
user_21,book_247,2
user_21,book_448,2
user_21,book_332,5
user_21,book_419,4
user_21,book_579,1
user_21,book_50,5
user_21,book_570,1
user_21,book_563,4
user_21,book_876,2
user_21,book_624,3
user_21,book_32,2
user_21,book_159,1
user_22,book_462,3
user_22,book_292,1
user_22,book_172,5
user_22,book_557,4
user_22,book_982,5
user_22,book_417,5
user_22,book_575,4
user_22,book_86,5
user_22,book_531,5
user_22,book_424,1
user_22,book_468,5
user_22,book_541,2
user_22,book_102,3
user_22,book_569,1
user_22,book_627,3
user_22,book_99,5
user_22,book_39,1
user_22,book_444,2
user_22,book_306,5
user_22,book_356,2
user_22,book_854,4
user_22,book_219,5
user_22,book_461,1
user_22,book_766,5
user_22,book_783,4
user_22,book_588,2
user_22,book_594,2
user_22,book_206,4
user_22,book_85,5
user_22,book_555,1
user_22,book_241,1
user_22,book_348,4
user_22,book_412,2
user_22,book_821,1
user_22,book_962,4
user_22,book_387,3
user_22,book_114,3
user_22,book_634,3
user_22,book_672,3
user_22,book_764,3
user_22,book_186,2
user_22,book_536,3
user_22,book_250,3
user_22,book_697,2
user_22,book_94,2
user_22,book_689,2
user_22,book_601,4
user_22,book_750,3
user_22,book_602,1
user_22,book_391,2
user_23,book_746,1
user_23,book_470,4
user_23,book_365,1
user_23,book_1000,3
user_23,book_381,5
user_23,book_543,3
user_23,book_50,5
user_23,book_897,3
user_23,book_488,4
user_23,book_124,2
user_23,book_694,3
user_23,book_368,5
user_23,book_473,3
user_23,book_934,2
user_23,book_734,4
user_23,book_3,2
user_23,book_875,2
user_23,book_619,1
user_23,book_13,3
user_23,book_451,2
user_23,book_562,1
user_23,book_526,3
user_23,book_346,5
user_23,book_735,2
user_23,book_737,4
user_23,book_359,5
user_23,book_416,1
user_23,book_55,4
user_23,book_566,5
user_23,book_757,2
user_23,book_101,4
user_23,book_104,1
user_23,book_497,5
user_23,book_178,2
user_23,book_634,2
user_23,book_224,2
user_23,book_881,3
user_23,book_169,4
user_23,book_301,5
user_23,book_379,2
user_23,book_337,5
user_23,book_522,2
user_23,book_632,5
user_23,book_856,5
user_23,book_281,5
user_23,book_78,4
user_23,book_34,3
user_23,book_105,5
user_23,book_292,4
user_23,book_42,4
user_24,book_14,2
user_24,book_162,2
user_24,book_919,4
user_24,book_635,4
user_24,book_209,4
user_24,book_25,5
user_24,book_623,2
user_24,book_663,1
user_24,book_952,3
user_24,book_211,2
user_24,book_404,2
user_24,book_940,5
user_24,book_521,1
user_24,book_597,1
user_24,book_695,2
user_24,book_659,2
user_24,book_231,2
user_24,book_182,2
user_24,book_69,2
user_24,book_458,5
user_24,book_139,4
user_24,book_842,3
user_24,book_509,4
user_24,book_818,3
user_24,book_339,2
user_24,book_714,1
user_24,book_994,4
user_24,book_485,3
user_24,book_883,5
user_24,book_664,3
user_24,book_573,4
user_24,book_618,3
user_24,book_508,3
user_24,book_318,5
user_24,book_888,3
user_24,book_562,5
user_24,book_487,3
user_24,book_939,2
user_24,book_36,2
user_24,book_897,1
user_24,book_88,4
user_24,book_927,3
user_24,book_197,2
user_24,book_130,4
user_24,book_589,5
user_24,book_120,2
user_24,book_665,5
user_24,book_736,5
user_24,book_91,3
user_24,book_557,1
user_25,book_814,1
user_25,book_847,5
user_25,book_346,1
user_25,book_93,1
user_25,book_274,1
user_25,book_89,4
user_25,book_150,5
user_25,book_347,2
user_25,book_569,4
user_25,book_580,5
user_25,book_23,2
user_25,book_429,5
user_25,book_419,4
user_25,book_650,1
user_25,book_462,2
user_25,book_992,3
user_25,book_962,3
user_25,book_779,2
user_25,book_213,5
user_25,book_827,1
user_25,book_5,4
user_25,book_205,3
user_25,book_545,1
user_25,book_332,2
user_25,book_943,3
user_25,book_725,3
user_25,book_234,5
user_25,book_45,2
user_25,book_90,3
user_25,book_514,3
user_25,book_195,2
user_25,book_238,2
user_25,book_799,5
user_25,book_644,3
user_25,book_267,2
user_25,book_857,3
user_25,book_913,1
user_25,book_203,5
user_25,book_30,1
user_25,book_458,5
user_25,book_325,4
user_25,book_970,1
user_25,book_224,3
user_25,book_433,1
user_25,book_209,4
user_25,book_865,4
user_25,book_864,1
user_25,book_411,1
user_25,book_795,3
user_25,book_149,2
user_26,book_207,5
user_26,book_966,5
user_26,book_578,4
user_26,book_423,4
user_26,book_903,5
user_26,book_280,5
user_26,book_173,5
user_26,book_710,5
user_26,book_211,2
user_26,book_917,2
user_26,book_227,2
user_26,book_878,4
user_26,book_719,5
user_26,book_133,1
user_26,book_525,5
user_26,book_379,1
user_26,book_912,2
user_26,book_542,2
user_26,book_39,2
user_26,book_319,3
user_26,book_128,4
user_26,book_800,3
user_26,book_536,5
user_26,book_494,2
user_26,book_547,4
user_26,book_68,4
user_26,book_250,1
user_26,book_505,1
user_26,book_236,5
user_26,book_618,1
user_26,book_783,2
user_26,book_19,5
user_26,book_669,1
user_26,book_150,4
user_26,book_992,1
user_26,book_948,2
user_26,book_556,2
user_26,book_268,2
user_26,book_834,2
user_26,book_298,1
user_26,book_574,1
user_26,book_116,1
user_26,book_64,3
user_26,book_969,1
user_26,book_827,2
user_26,book_4,1
user_26,book_217,5
user_26,book_100,2
user_26,book_179,2
user_26,book_643,2
user_27,book_76,3
user_27,book_90,3
user_27,book_425,4
user_27,book_811,3
user_27,book_667,3
user_27,book_70,5
user_27,book_657,3
user_27,book_428,3
user_27,book_427,1
user_27,book_164,3
user_27,book_930,1
user_27,book_21,3
user_27,book_949,2
user_27,book_324,2
user_27,book_615,3
user_27,book_421,3
user_27,book_522,2
user_27,book_136,4
user_27,book_519,5
user_27,book_182,4
user_27,book_981,5
user_27,book_613,5
user_27,book_763,2
user_27,book_210,5
user_27,book_254,1
user_27,book_648,1
user_27,book_664,3
user_27,book_396,2
user_27,book_913,2
user_27,book_793,2
user_27,book_34,5
user_27,book_866,5
user_27,book_910,2
user_27,book_187,2
user_27,book_701,3
user_27,book_302,3
user_27,book_408,1
user_27,book_362,2
user_27,book_468,5
user_27,book_117,4
user_27,book_873,4
user_27,book_693,5
user_27,book_116,2
user_27,book_225,5
user_27,book_886,1
user_27,book_495,1
user_27,book_623,4
user_27,book_260,1
user_27,book_257,3
user_27,book_879,2
user_28,book_888,1
user_28,book_891,4
user_28,book_531,5
user_28,book_772,4
user_28,book_242,2
user_28,book_458,5
user_28,book_310,3
user_28,book_918,5
user_28,book_545,5
user_28,book_757,4
user_28,book_35,5
user_28,book_361,1
user_28,book_933,2
user_28,book_811,4
user_28,book_552,3
user_28,book_129,3
user_28,book_877,1
user_28,book_985,2
user_28,book_724,4
user_28,book_874,4
user_28,book_94,5
user_28,book_999,5
user_28,book_656,5
user_28,book_445,1
user_28,book_380,4
user_28,book_522,2
user_28,book_397,1
user_28,book_67,4
user_28,book_312,4
user_28,book_190,4
user_28,book_759,5
user_28,book_224,5
user_28,book_787,5
user_28,book_325,4
user_28,book_941,4
user_28,book_556,1
user_28,book_491,4
user_28,book_165,4
user_28,book_486,3
user_28,book_386,4
user_28,book_504,1
user_28,book_1,4
user_28,book_497,2
user_28,book_614,4
user_28,book_479,4
user_28,book_711,4
user_28,book_600,4
user_28,book_414,5
user_28,book_136,5
user_28,book_292,5
user_29,book_322,5
user_29,book_300,5
user_29,book_173,1
user_29,book_358,1
user_29,book_127,3
user_29,book_57,1
user_29,book_656,3
user_29,book_953,2
user_29,book_120,4
user_29,book_210,3
user_29,book_415,5
user_29,book_640,2
user_29,book_95,1
user_29,book_867,1
user_29,book_878,5
user_29,book_312,2
user_29,book_506,4
user_29,book_345,4
user_29,book_833,1
user_29,book_247,4
user_29,book_280,1
user_29,book_53,3
user_29,book_725,5
user_29,book_59,2
user_29,book_113,3
user_29,book_894,5
user_29,book_743,1
user_29,book_976,2
user_29,book_467,4
user_29,book_682,3
user_29,book_910,2
user_29,book_504,3
user_29,book_559,2
user_29,book_928,1
user_29,book_641,5
user_29,book_583,1
user_29,book_610,4
user_29,book_732,5
user_29,book_567,4
user_29,book_889,5
user_29,book_515,2
user_29,book_566,1
user_29,book_500,2
user_29,book_546,5
user_29,book_86,3
user_29,book_225,4
user_29,book_214,4
user_29,book_47,2
user_29,book_537,5
user_29,book_439,1
user_30,book_628,5
user_30,book_316,5
user_30,book_194,2
user_30,book_877,3
user_30,book_350,3
user_30,book_296,1
user_30,book_595,1
user_30,book_798,2
user_30,book_573,4
user_30,book_96,2
user_30,book_275,4
user_30,book_35,2
user_30,book_600,2
user_30,book_181,3
user_30,book_40,3
user_30,book_684,2
user_30,book_184,4
user_30,book_520,3
user_30,book_934,5
user_30,book_157,3
user_30,book_747,3
user_30,book_866,1
user_30,book_966,1
user_30,book_276,5
user_30,book_920,1
user_30,book_941,4
user_30,book_45,2
user_30,book_482,2
user_30,book_810,3
user_30,book_77,1
user_30,book_373,3
user_30,book_60,3
user_30,book_462,1
user_30,book_640,5
user_30,book_614,3
user_30,book_588,1
user_30,book_853,2
user_30,book_8,1
user_30,book_82,5
user_30,book_21,5
user_30,book_587,1
user_30,book_448,1
user_30,book_50,1
user_30,book_674,4
user_30,book_526,2
user_30,book_942,2
user_30,book_92,1
user_30,book_177,3
user_30,book_24,4
user_30,book_551,2
user_31,book_678,4
user_31,book_685,5
user_31,book_321,5
user_31,book_284,1
user_31,book_613,2
user_31,book_349,4
user_31,book_528,5
user_31,book_484,4
user_31,book_236,4
user_31,book_92,2
user_31,book_989,4
user_31,book_68,5
user_31,book_859,1
user_31,book_772,4
user_31,book_316,5
user_31,book_335,2
user_31,book_553,3
user_31,book_746,2
user_31,book_289,2
user_31,book_84,3
user_31,book_467,3
user_31,book_630,1
user_31,book_697,1
user_31,book_136,4
user_31,book_984,3
user_31,book_968,2
user_31,book_965,5
user_31,book_942,4
user_31,book_255,2
user_31,book_281,3
user_31,book_777,4
user_31,book_961,1
user_31,book_681,2
user_31,book_133,3
user_31,book_838,4
user_31,book_481,5
user_31,book_730,4
user_31,book_734,5
user_31,book_496,3
user_31,book_649,3
user_31,book_131,5
user_31,book_775,1
user_31,book_435,4
user_31,book_959,4
user_31,book_853,3
user_31,book_141,2
user_31,book_405,3
user_31,book_183,2
user_31,book_566,5
user_31,book_545,5
user_32,book_406,4
user_32,book_76,2
user_32,book_84,3
user_32,book_130,4
user_32,book_101,2
user_32,book_170,1
user_32,book_605,1
user_32,book_480,3
user_32,book_587,2
user_32,book_177,3
user_32,book_278,4
user_32,book_773,3
user_32,book_827,1
user_32,book_152,3
user_32,book_791,2
user_32,book_595,5
user_32,book_933,3
user_32,book_772,1
user_32,book_753,1
user_32,book_222,3
user_32,book_811,2
user_32,book_920,5
user_32,book_285,5
user_32,book_550,1
user_32,book_918,5
user_32,book_382,2
user_32,book_707,5
user_32,book_42,2
user_32,book_310,1
user_32,book_112,3
user_32,book_99,2
user_32,book_239,4
user_32,book_817,2
user_32,book_637,4
user_32,book_946,5
user_32,book_357,3
user_32,book_378,5
user_32,book_721,3
user_32,book_414,3
user_32,book_205,2
user_32,book_822,2
user_32,book_404,2
user_32,book_434,2
user_32,book_141,2
user_32,book_678,4
user_32,book_847,5
user_32,book_556,1
user_32,book_446,3
user_32,book_954,5
user_32,book_531,5
user_33,book_55,2
user_33,book_237,2
user_33,book_320,5
user_33,book_265,1
user_33,book_83,4
user_33,book_345,5
user_33,book_385,1
user_33,book_836,5
user_33,book_813,3
user_33,book_374,2
user_33,book_790,1
user_33,book_8,1
user_33,book_268,3
user_33,book_980,2
user_33,book_416,1
user_33,book_308,4
user_33,book_750,2
user_33,book_642,1
user_33,book_613,2
user_33,book_306,3
user_33,book_28,4
user_33,book_365,3
user_33,book_579,1
user_33,book_558,3
user_33,book_184,3
user_33,book_523,5
user_33,book_290,3
user_33,book_770,1
user_33,book_276,4
user_33,book_824,2
user_33,book_807,3
user_33,book_580,2
user_33,book_196,5
user_33,book_364,5
user_33,book_296,3
user_33,book_362,1
user_33,book_570,4
user_33,book_805,5
user_33,book_951,5
user_33,book_705,5
user_33,book_141,4
user_33,book_298,4
user_33,book_509,5
user_33,book_391,2
user_33,book_659,2
user_33,book_166,5
user_33,book_284,1
user_33,book_861,3
user_33,book_872,2
user_33,book_994,4
user_34,book_742,4
user_34,book_152,2
user_34,book_806,1
user_34,book_775,4
user_34,book_910,5
user_34,book_725,5
user_34,book_974,4
user_34,book_422,4
user_34,book_403,2
user_34,book_782,1
user_34,book_924,2
user_34,book_988,2
user_34,book_729,4
user_34,book_203,2
user_34,book_385,3
user_34,book_191,3
user_34,book_393,2
user_34,book_958,3
user_34,book_253,5
user_34,book_312,5
user_34,book_255,2
user_34,book_831,1
user_34,book_224,2
user_34,book_561,1
user_34,book_969,5
user_34,book_113,4
user_34,book_137,4
user_34,book_927,5
user_34,book_733,2
user_34,book_110,2
user_34,book_975,3
user_34,book_822,3
user_34,book_147,5
user_34,book_421,2
user_34,book_436,1
user_34,book_448,5
user_34,book_221,5
user_34,book_626,1
user_34,book_635,1
user_34,book_257,5
user_34,book_468,3
user_34,book_997,3
user_34,book_145,5
user_34,book_581,1
user_34,book_722,3
user_34,book_266,3
user_34,book_359,2
user_34,book_230,1
user_34,book_399,3
user_34,book_457,4
user_35,book_157,3
user_35,book_933,3
user_35,book_705,5
user_35,book_471,5
user_35,book_648,2
user_35,book_79,5
user_35,book_951,3
user_35,book_381,3
user_35,book_201,3
user_35,book_233,5
user_35,book_455,2
user_35,book_90,1
user_35,book_107,4
user_35,book_706,3
user_35,book_904,4
user_35,book_686,4
user_35,book_191,5
user_35,book_539,3
user_35,book_488,1
user_35,book_884,5
user_35,book_857,5
user_35,book_88,4
user_35,book_295,3
user_35,book_853,4
user_35,book_256,5
user_35,book_718,2
user_35,book_300,5
user_35,book_908,3
user_35,book_203,3
user_35,book_61,4
user_35,book_811,2
user_35,book_721,5
user_35,book_756,3
user_35,book_759,2
user_35,book_631,1
user_35,book_925,3
user_35,book_94,4
user_35,book_518,4
user_35,book_333,1
user_35,book_534,4
user_35,book_279,2
user_35,book_531,2
user_35,book_831,2
user_35,book_54,1
user_35,book_824,4
user_35,book_749,3
user_35,book_537,1
user_35,book_329,3
user_35,book_971,5
user_35,book_507,1
user_36,book_892,4
user_36,book_159,4
user_36,book_466,2
user_36,book_397,3
user_36,book_969,2
user_36,book_328,2
user_36,book_972,2
user_36,book_286,2
user_36,book_90,5
user_36,book_576,1
user_36,book_39,5
user_36,book_244,5
user_36,book_896,4
user_36,book_380,1
user_36,book_616,4
user_36,book_937,3
user_36,book_166,2
user_36,book_297,5
user_36,book_639,5
user_36,book_395,3
user_36,book_927,5
user_36,book_43,4
user_36,book_225,5
user_36,book_650,5
user_36,book_868,1
user_36,book_593,4
user_36,book_531,4
user_36,book_319,1
user_36,book_729,3
user_36,book_355,4
user_36,book_654,1
user_36,book_578,1
user_36,book_562,2
user_36,book_515,5
user_36,book_735,4
user_36,book_289,5
user_36,book_30,1
user_36,book_708,5
user_36,book_987,5
user_36,book_793,1
user_36,book_209,4
user_36,book_153,2
user_36,book_290,1
user_36,book_453,4
user_36,book_773,4
user_36,book_551,3
user_36,book_103,3
user_36,book_187,1
user_36,book_497,4
user_36,book_875,3
user_37,book_75,3
user_37,book_613,1
user_37,book_831,1
user_37,book_748,3
user_37,book_910,2
user_37,book_679,5
user_37,book_234,1
user_37,book_737,4
user_37,book_720,3
user_37,book_484,2
user_37,book_933,1
user_37,book_149,3
user_37,book_911,4
user_37,book_965,3
user_37,book_282,4
user_37,book_111,4
user_37,book_588,2
user_37,book_275,2
user_37,book_418,1
user_37,book_887,4
user_37,book_774,5
user_37,book_951,4
user_37,book_439,4
user_37,book_708,3
user_37,book_261,3
user_37,book_918,3
user_37,book_669,4
user_37,book_54,4
user_37,book_668,2
user_37,book_558,4
user_37,book_634,2
user_37,book_37,3
user_37,book_991,4
user_37,book_806,3
user_37,book_883,3
user_37,book_165,1
user_37,book_94,4
user_37,book_289,1
user_37,book_174,2
user_37,book_333,3
user_37,book_560,5
user_37,book_513,2
user_37,book_796,5
user_37,book_453,4
user_37,book_983,4
user_37,book_924,5
user_37,book_997,4
user_37,book_280,1
user_37,book_549,3
user_37,book_277,5
user_38,book_139,1
user_38,book_296,5
user_38,book_99,4
user_38,book_884,2
user_38,book_72,4
user_38,book_18,1
user_38,book_135,1
user_38,book_266,5
user_38,book_812,1
user_38,book_359,1
user_38,book_992,2
user_38,book_725,4
user_38,book_634,4
user_38,book_559,1
user_38,book_274,2
user_38,book_67,3
user_38,book_547,2
user_38,book_310,3
user_38,book_23,2
user_38,book_231,1
user_38,book_868,4
user_38,book_291,5
user_38,book_670,5
user_38,book_972,5
user_38,book_250,2
user_38,book_783,1
user_38,book_928,2
user_38,book_104,5
user_38,book_686,2
user_38,book_622,4
user_38,book_657,2
user_38,book_845,3
user_38,book_9,4
user_38,book_323,4
user_38,book_995,5
user_38,book_830,2
user_38,book_787,4
user_38,book_605,1
user_38,book_733,1
user_38,book_999,4
user_38,book_955,1
user_38,book_83,1
user_38,book_998,3
user_38,book_14,4
user_38,book_809,5
user_38,book_38,2
user_38,book_603,3
user_38,book_914,2
user_38,book_244,4
user_38,book_80,4
user_39,book_944,4
user_39,book_152,3
user_39,book_751,5
user_39,book_715,4
user_39,book_831,2
user_39,book_864,3
user_39,book_570,3
user_39,book_250,5
user_39,book_409,5
user_39,book_657,3
user_39,book_886,2
user_39,book_882,1
user_39,book_528,4
user_39,book_282,5
user_39,book_791,2
user_39,book_668,3
user_39,book_221,4
user_39,book_841,1
user_39,book_956,1
user_39,book_624,2
user_39,book_451,3
user_39,book_217,4
user_39,book_157,1
user_39,book_876,5
user_39,book_259,3
user_39,book_265,3
user_39,book_176,2
user_39,book_335,1
user_39,book_18,4
user_39,book_389,4
user_39,book_162,3
user_39,book_648,4
user_39,book_673,5
user_39,book_511,5
user_39,book_501,2
user_39,book_631,2
user_39,book_532,3
user_39,book_178,1
user_39,book_935,2
user_39,book_789,3
user_39,book_271,2
user_39,book_470,2
user_39,book_768,4
user_39,book_460,5
user_39,book_763,2
user_39,book_241,2
user_39,book_953,5
user_39,book_14,5
user_39,book_385,1
user_39,book_924,2
user_40,book_764,5
user_40,book_671,2
user_40,book_302,3
user_40,book_160,3
user_40,book_650,4
user_40,book_309,4
user_40,book_453,4
user_40,book_15,2
user_40,book_549,4
user_40,book_288,2
user_40,book_900,5
user_40,book_669,2
user_40,book_280,5
user_40,book_377,1
user_40,book_62,4
user_40,book_257,3
user_40,book_165,5
user_40,book_83,5
user_40,book_156,3
user_40,book_596,1
user_40,book_132,2
user_40,book_602,4
user_40,book_251,1
user_40,book_561,3
user_40,book_565,4
user_40,book_126,4
user_40,book_827,4
user_40,book_749,1
user_40,book_665,5
user_40,book_885,3
user_40,book_644,2
user_40,book_639,4
user_40,book_284,5
user_40,book_687,4
user_40,book_771,3
user_40,book_573,5
user_40,book_680,5
user_40,book_395,1
user_40,book_831,2
user_40,book_943,2
user_40,book_543,1
user_40,book_272,1
user_40,book_714,1
user_40,book_274,2
user_40,book_643,2
user_40,book_637,1
user_40,book_117,4
user_40,book_917,2
user_40,book_647,5
user_40,book_91,2
user_41,book_444,3
user_41,book_68,3
user_41,book_876,4
user_41,book_893,5
user_41,book_628,5
user_41,book_700,4
user_41,book_795,5
user_41,book_661,5
user_41,book_588,4
user_41,book_921,2
user_41,book_774,1
user_41,book_357,1
user_41,book_177,1
user_41,book_989,3
user_41,book_991,5
user_41,book_698,2
user_41,book_252,1
user_41,book_352,5
user_41,book_45,5
user_41,book_544,4
user_41,book_92,3
user_41,book_629,4
user_41,book_14,2
user_41,book_610,2
user_41,book_334,2
user_41,book_765,3
user_41,book_990,1
user_41,book_113,5
user_41,book_908,3
user_41,book_457,4
user_41,book_874,5
user_41,book_131,3
user_41,book_576,5
user_41,book_992,3
user_41,book_925,1
user_41,book_119,3
user_41,book_230,4
user_41,book_797,1
user_41,book_221,4
user_41,book_988,4
user_41,book_856,5
user_41,book_355,4
user_41,book_322,1
user_41,book_2,5
user_41,book_529,5
user_41,book_463,2
user_41,book_538,3
user_41,book_853,2
user_41,book_521,4
user_41,book_169,1
user_42,book_531,2
user_42,book_556,4
user_42,book_987,3
user_42,book_854,5
user_42,book_759,4
user_42,book_118,1
user_42,book_676,3
user_42,book_66,3
user_42,book_980,1
user_42,book_494,1
user_42,book_444,3
user_42,book_847,1
user_42,book_804,5
user_42,book_257,5
user_42,book_841,4
user_42,book_323,4
user_42,book_146,5
user_42,book_564,5
user_42,book_537,1
user_42,book_191,2
user_42,book_606,4
user_42,book_625,3
user_42,book_322,5
user_42,book_595,5
user_42,book_727,3
user_42,book_585,4
user_42,book_408,4
user_42,book_843,4
user_42,book_612,1
user_42,book_59,1
user_42,book_777,3
user_42,book_250,4
user_42,book_321,4
user_42,book_765,1
user_42,book_388,4
user_42,book_445,4
user_42,book_140,1
user_42,book_522,4
user_42,book_288,1
user_42,book_768,5
user_42,book_893,1
user_42,book_309,2
user_42,book_588,2
user_42,book_548,5
user_42,book_361,3
user_42,book_705,5
user_42,book_592,1
user_42,book_887,4
user_42,book_232,3
user_42,book_167,3
user_43,book_267,3
user_43,book_83,2
user_43,book_872,1
user_43,book_594,3
user_43,book_99,2
user_43,book_210,3
user_43,book_391,5
user_43,book_858,1
user_43,book_546,5
user_43,book_382,5
user_43,book_903,2
user_43,book_615,2
user_43,book_358,2
user_43,book_429,2
user_43,book_310,5
user_43,book_257,5
user_43,book_158,3
user_43,book_686,5
user_43,book_425,3
user_43,book_965,1
user_43,book_892,1
user_43,book_393,5
user_43,book_249,1
user_43,book_313,2
user_43,book_841,1
user_43,book_662,3
user_43,book_821,3
user_43,book_614,3
user_43,book_101,4
user_43,book_982,1
user_43,book_938,3
user_43,book_715,5
user_43,book_562,4
user_43,book_672,2
user_43,book_990,5
user_43,book_853,2
user_43,book_939,4
user_43,book_801,3
user_43,book_63,5
user_43,book_760,4
user_43,book_957,1
user_43,book_646,5
user_43,book_354,4
user_43,book_202,5
user_43,book_288,5
user_43,book_848,2
user_43,book_955,2
user_43,book_660,5
user_43,book_361,5
user_43,book_377,5
user_44,book_417,1
user_44,book_897,2
user_44,book_339,1
user_44,book_660,1
user_44,book_444,5
user_44,book_89,4
user_44,book_929,5
user_44,book_175,4
user_44,book_892,2
user_44,book_831,4
user_44,book_698,1
user_44,book_919,5
user_44,book_672,1
user_44,book_819,1
user_44,book_798,3
user_44,book_898,4
user_44,book_619,1
user_44,book_984,2
user_44,book_742,1
user_44,book_894,5
user_44,book_300,2
user_44,book_835,5
user_44,book_111,4
user_44,book_533,4
user_44,book_42,2
user_44,book_372,5
user_44,book_887,3
user_44,book_209,4
user_44,book_812,2
user_44,book_31,3
user_44,book_737,3
user_44,book_298,5
user_44,book_668,4
user_44,book_535,3
user_44,book_296,2
user_44,book_722,2
user_44,book_458,2
user_44,book_281,3
user_44,book_574,3
user_44,book_325,4
user_44,book_618,4
user_44,book_918,4
user_44,book_615,5
user_44,book_44,4
user_44,book_981,3
user_44,book_68,4
user_44,book_763,3
user_44,book_911,5
user_44,book_364,4
user_44,book_378,4
user_45,book_456,4
user_45,book_463,2
user_45,book_279,5
user_45,book_547,1
user_45,book_16,4
user_45,book_369,3
user_45,book_134,5
user_45,book_256,2
user_45,book_550,3
user_45,book_826,5
user_45,book_927,3
user_45,book_443,4
user_45,book_250,5
user_45,book_666,5
user_45,book_329,2
user_45,book_264,1
user_45,book_277,3
user_45,book_692,2
user_45,book_919,4
user_45,book_527,3
user_45,book_46,4
user_45,book_95,4
user_45,book_878,4
user_45,book_24,5
user_45,book_356,1
user_45,book_541,3
user_45,book_892,2
user_45,book_828,2
user_45,book_99,3
user_45,book_447,5
user_45,book_410,4
user_45,book_658,4
user_45,book_903,5
user_45,book_317,3
user_45,book_462,5
user_45,book_794,4
user_45,book_606,4
user_45,book_13,1
user_45,book_4,2
user_45,book_758,2
user_45,book_635,1
user_45,book_375,5
user_45,book_625,1
user_45,book_308,1
user_45,book_247,5
user_45,book_275,2
user_45,book_86,5
user_45,book_854,5
user_45,book_820,3
user_45,book_488,3
user_46,book_451,1
user_46,book_358,3
user_46,book_814,4
user_46,book_675,2
user_46,book_232,4
user_46,book_623,4
user_46,book_934,5
user_46,book_768,3
user_46,book_293,2
user_46,book_728,3
user_46,book_594,2
user_46,book_299,1
user_46,book_200,5
user_46,book_204,5
user_46,book_663,5
user_46,book_276,3
user_46,book_645,2
user_46,book_383,4
user_46,book_887,4
user_46,book_903,1
user_46,book_846,1
user_46,book_951,4
user_46,book_249,5
user_46,book_327,3
user_46,book_333,1
user_46,book_925,5
user_46,book_77,5
user_46,book_901,1
user_46,book_488,3
user_46,book_605,4
user_46,book_612,1
user_46,book_898,1
user_46,book_523,3
user_46,book_986,2
user_46,book_688,5
user_46,book_535,4
user_46,book_692,1
user_46,book_893,5
user_46,book_7,1
user_46,book_344,4
user_46,book_491,1
user_46,book_603,1
user_46,book_493,1
user_46,book_148,5
user_46,book_831,1
user_46,book_709,2
user_46,book_528,4
user_46,book_644,4
user_46,book_739,3
user_46,book_662,3
user_47,book_747,4
user_47,book_193,5
user_47,book_476,2
user_47,book_356,2
user_47,book_714,1
user_47,book_518,1
user_47,book_30,1
user_47,book_496,2
user_47,book_429,1
user_47,book_410,1
user_47,book_981,4
user_47,book_770,5
user_47,book_707,4
user_47,book_448,5
user_47,book_730,2
user_47,book_780,2
user_47,book_139,4
user_47,book_236,3
user_47,book_194,5
user_47,book_940,5
user_47,book_40,3
user_47,book_313,1
user_47,book_739,1
user_47,book_635,1
user_47,book_930,1
user_47,book_974,3
user_47,book_927,3
user_47,book_84,5
user_47,book_62,5
user_47,book_759,4
user_47,book_880,5
user_47,book_941,3
user_47,book_792,3
user_47,book_294,1
user_47,book_891,1
user_47,book_19,5
user_47,book_455,2
user_47,book_728,3
user_47,book_392,1
user_47,book_51,4
user_47,book_88,1
user_47,book_914,5
user_47,book_52,2
user_47,book_390,4
user_47,book_994,5
user_47,book_415,5
user_47,book_736,2
user_47,book_264,1
user_47,book_703,4
user_47,book_952,4
user_48,book_782,3
user_48,book_388,5
user_48,book_211,4
user_48,book_273,3
user_48,book_946,3
user_48,book_459,1
user_48,book_686,1
user_48,book_763,2
user_48,book_917,4
user_48,book_627,4
user_48,book_585,5
user_48,book_260,1
user_48,book_982,1
user_48,book_372,1
user_48,book_105,1
user_48,book_332,4
user_48,book_419,1
user_48,book_556,5
user_48,book_835,1
user_48,book_89,2
user_48,book_646,5
user_48,book_608,4
user_48,book_928,5
user_48,book_559,1
user_48,book_943,4
user_48,book_58,5
user_48,book_317,2
user_48,book_663,5
user_48,book_809,1
user_48,book_303,1
user_48,book_247,2
user_48,book_923,2
user_48,book_952,5
user_48,book_235,3
user_48,book_312,2
user_48,book_224,3
user_48,book_205,4
user_48,book_892,1
user_48,book_801,2
user_48,book_141,2
user_48,book_320,2
user_48,book_358,1
user_48,book_258,4
user_48,book_770,3
user_48,book_202,2
user_48,book_480,5
user_48,book_624,5
user_48,book_972,5
user_48,book_192,2
user_48,book_942,2
user_49,book_770,4
user_49,book_884,5
user_49,book_451,1
user_49,book_957,5
user_49,book_13,1
user_49,book_543,4
user_49,book_611,1
user_49,book_506,5
user_49,book_19,1
user_49,book_46,5
user_49,book_936,3
user_49,book_780,1
user_49,book_933,4
user_49,book_229,4
user_49,book_708,4
user_49,book_767,4
user_49,book_519,1
user_49,book_740,1
user_49,book_423,4
user_49,book_585,4
user_49,book_768,4
user_49,book_500,5
user_49,book_378,5
user_49,book_629,3
user_49,book_813,5
user_49,book_875,2
user_49,book_674,1
user_49,book_267,4
user_49,book_880,1
user_49,book_409,1
user_49,book_291,1
user_49,book_242,1
user_49,book_722,4
user_49,book_278,1
user_49,book_841,3
user_49,book_791,5
user_49,book_368,3
user_49,book_608,4
user_49,book_769,5
user_49,book_365,5
user_49,book_673,2
user_49,book_209,5
user_49,book_480,3
user_49,book_749,3
user_49,book_798,2
user_49,book_662,3
user_49,book_460,3
user_49,book_189,4
user_49,book_491,1
user_49,book_800,4
user_50,book_314,2
user_50,book_649,3
user_50,book_792,1
user_50,book_385,1
user_50,book_584,3
user_50,book_888,3
user_50,book_202,3
user_50,book_116,4
user_50,book_293,5
user_50,book_582,3
user_50,book_337,3
user_50,book_391,4
user_50,book_873,3
user_50,book_593,4
user_50,book_336,4
user_50,book_791,3
user_50,book_804,5
user_50,book_409,4
user_50,book_760,5
user_50,book_436,5
user_50,book_784,4
user_50,book_324,4
user_50,book_896,3
user_50,book_912,3
user_50,book_12,1
user_50,book_214,1
user_50,book_712,2
user_50,book_501,3
user_50,book_521,4
user_50,book_622,4
user_50,book_963,1
user_50,book_295,2
user_50,book_492,2
user_50,book_948,3
user_50,book_379,4
user_50,book_954,2
user_50,book_717,3
user_50,book_216,3
user_50,book_785,3
user_50,book_848,1
user_50,book_81,1
user_50,book_231,3
user_50,book_299,1
user_50,book_535,2
user_50,book_146,5
user_50,book_790,4
user_50,book_275,2
user_50,book_731,5
user_50,book_849,2
user_50,book_212,1
user_51,book_132,2
user_51,book_895,1
user_51,book_757,1
user_51,book_463,5
user_51,book_931,1
user_51,book_313,1
user_51,book_57,5
user_51,book_938,5
user_51,book_850,5
user_51,book_295,4
user_51,book_784,2
user_51,book_955,2
user_51,book_464,2
user_51,book_501,4
user_51,book_666,4
user_51,book_534,2
user_51,book_331,4
user_51,book_510,1
user_51,book_957,1
user_51,book_375,2
user_51,book_294,5
user_51,book_741,2
user_51,book_192,1
user_51,book_228,1
user_51,book_754,3
user_51,book_435,4
user_51,book_870,3
user_51,book_736,3
user_51,book_120,3
user_51,book_846,4
user_51,book_526,2
user_51,book_316,2
user_51,book_859,2
user_51,book_9,5
user_51,book_751,3
user_51,book_264,1
user_51,book_812,1
user_51,book_701,1
user_51,book_843,3
user_51,book_288,2
user_51,book_960,2
user_51,book_198,1
user_51,book_933,5
user_51,book_250,4
user_51,book_147,2
user_51,book_207,4
user_51,book_396,2
user_51,book_794,2
user_51,book_419,4
user_51,book_44,4
user_52,book_487,2
user_52,book_308,4
user_52,book_46,5
user_52,book_340,4
user_52,book_148,2
user_52,book_854,3
user_52,book_736,2
user_52,book_816,2
user_52,book_914,5
user_52,book_652,4
user_52,book_125,1
user_52,book_946,1
user_52,book_191,1
user_52,book_418,5
user_52,book_675,5
user_52,book_267,5
user_52,book_158,4
user_52,book_239,4
user_52,book_248,5
user_52,book_959,5
user_52,book_720,4
user_52,book_180,5
user_52,book_944,1
user_52,book_342,1
user_52,book_347,1
user_52,book_323,2
user_52,book_553,3
user_52,book_670,1
user_52,book_605,1
user_52,book_833,3
user_52,book_412,4
user_52,book_661,1
user_52,book_677,4
user_52,book_472,1
user_52,book_103,5
user_52,book_45,2
user_52,book_600,4
user_52,book_137,5
user_52,book_189,3
user_52,book_593,2
user_52,book_809,3
user_52,book_517,1
user_52,book_572,5
user_52,book_995,4
user_52,book_916,1
user_52,book_956,2
user_52,book_266,1
user_52,book_129,1
user_52,book_319,4
user_52,book_821,3
user_53,book_35,4
user_53,book_767,2
user_53,book_832,4
user_53,book_424,4
user_53,book_95,4
user_53,book_778,2
user_53,book_451,4
user_53,book_236,4
user_53,book_492,5
user_53,book_691,5
user_53,book_8,3
user_53,book_855,3
user_53,book_768,5
user_53,book_246,5
user_53,book_31,5
user_53,book_520,1
user_53,book_276,4
user_53,book_449,5
user_53,book_653,1
user_53,book_234,3
user_53,book_980,2
user_53,book_316,2
user_53,book_94,4
user_53,book_986,2
user_53,book_896,4
user_53,book_105,1
user_53,book_442,3
user_53,book_762,2
user_53,book_180,4
user_53,book_579,4
user_53,book_915,2
user_53,book_202,4
user_53,book_337,5
user_53,book_965,3
user_53,book_534,1
user_53,book_694,4
user_53,book_289,5
user_53,book_810,5
user_53,book_828,4
user_53,book_916,3
user_53,book_905,1
user_53,book_311,4
user_53,book_628,3
user_53,book_197,3
user_53,book_120,2
user_53,book_938,1
user_53,book_167,1
user_53,book_368,3
user_53,book_937,5
user_53,book_954,5
user_54,book_711,1
user_54,book_499,5
user_54,book_541,2
user_54,book_582,5
user_54,book_722,1
user_54,book_40,4
user_54,book_299,5
user_54,book_542,5
user_54,book_292,4
user_54,book_816,2
user_54,book_851,4
user_54,book_950,2
user_54,book_775,2
user_54,book_578,3
user_54,book_781,5
user_54,book_397,4
user_54,book_936,2
user_54,book_632,5
user_54,book_498,1
user_54,book_16,3
user_54,book_320,2
user_54,book_956,4
user_54,book_50,3
user_54,book_862,4
user_54,book_623,4
user_54,book_539,1
user_54,book_165,4
user_54,book_592,5
user_54,book_881,1
user_54,book_26,1
user_54,book_760,3
user_54,book_883,5
user_54,book_383,2
user_54,book_160,1
user_54,book_875,1
user_54,book_590,5
user_54,book_570,2
user_54,book_32,4
user_54,book_921,1
user_54,book_547,3
user_54,book_493,1
user_54,book_534,2
user_54,book_349,1
user_54,book_533,1
user_54,book_31,4
user_54,book_576,1
user_54,book_565,1
user_54,book_53,2
user_54,book_342,5
user_54,book_455,5
user_55,book_249,1
user_55,book_277,2
user_55,book_610,5
user_55,book_744,5
user_55,book_753,4
user_55,book_605,2
user_55,book_70,5
user_55,book_400,1
user_55,book_83,4
user_55,book_198,5
user_55,book_443,4
user_55,book_320,5
user_55,book_598,2
user_55,book_237,3
user_55,book_147,2
user_55,book_346,2
user_55,book_760,2
user_55,book_34,1
user_55,book_148,1
user_55,book_699,5
user_55,book_496,2
user_55,book_809,2
user_55,book_437,3
user_55,book_999,1
user_55,book_328,5
user_55,book_600,3
user_55,book_613,2
user_55,book_294,1
user_55,book_751,1
user_55,book_987,3
user_55,book_541,3
user_55,book_857,1
user_55,book_75,5
user_55,book_658,1
user_55,book_755,1
user_55,book_347,5
user_55,book_914,3
user_55,book_178,1
user_55,book_141,1
user_55,book_969,5
user_55,book_16,2
user_55,book_752,5
user_55,book_394,4
user_55,book_966,5
user_55,book_746,1
user_55,book_89,5
user_55,book_939,4
user_55,book_579,3
user_55,book_82,1
user_55,book_694,1
user_56,book_188,2
user_56,book_478,3
user_56,book_479,1
user_56,book_426,2
user_56,book_291,2
user_56,book_17,3
user_56,book_331,2
user_56,book_687,1
user_56,book_404,2
user_56,book_803,5
user_56,book_35,1
user_56,book_273,1
user_56,book_486,2
user_56,book_679,1
user_56,book_588,1
user_56,book_609,1
user_56,book_796,1
user_56,book_913,1
user_56,book_393,5
user_56,book_483,4
user_56,book_459,2
user_56,book_891,2
user_56,book_844,4
user_56,book_281,3
user_56,book_985,3
user_56,book_847,2
user_56,book_878,4
user_56,book_320,3
user_56,book_254,1
user_56,book_467,2
user_56,book_36,5
user_56,book_779,4
user_56,book_48,4
user_56,book_112,1
user_56,book_473,5
user_56,book_181,4
user_56,book_653,2
user_56,book_387,2
user_56,book_490,2
user_56,book_621,3
user_56,book_591,5
user_56,book_389,1
user_56,book_481,2
user_56,book_46,4
user_56,book_197,2
user_56,book_476,1
user_56,book_338,1
user_56,book_363,4
user_56,book_67,5
user_56,book_299,4
user_57,book_22,5
user_57,book_641,4
user_57,book_109,1
user_57,book_769,5
user_57,book_384,4
user_57,book_576,4
user_57,book_165,5
user_57,book_284,5
user_57,book_261,4
user_57,book_17,5
user_57,book_650,2
user_57,book_248,2
user_57,book_935,1
user_57,book_829,3
user_57,book_220,5
user_57,book_459,2
user_57,book_306,1
user_57,book_1,3
user_57,book_870,4
user_57,book_182,5
user_57,book_623,5
user_57,book_963,5
user_57,book_509,4
user_57,book_243,2
user_57,book_715,1
user_57,book_605,1
user_57,book_309,1
user_57,book_833,2
user_57,book_325,4
user_57,book_389,3
user_57,book_54,3
user_57,book_472,2
user_57,book_796,3
user_57,book_957,2
user_57,book_288,5
user_57,book_55,3
user_57,book_106,5
user_57,book_901,5
user_57,book_993,3
user_57,book_654,5
user_57,book_481,1
user_57,book_668,5
user_57,book_575,1
user_57,book_557,3
user_57,book_840,4
user_57,book_139,5
user_57,book_85,3
user_57,book_791,3
user_57,book_938,1
user_57,book_135,3
user_58,book_404,5
user_58,book_31,5
user_58,book_376,2
user_58,book_48,1
user_58,book_406,2
user_58,book_960,2
user_58,book_712,3
user_58,book_525,3
user_58,book_954,3
user_58,book_161,2
user_58,book_304,3
user_58,book_270,3
user_58,book_782,3
user_58,book_477,1
user_58,book_39,4
user_58,book_280,5
user_58,book_800,1
user_58,book_227,3
user_58,book_482,5
user_58,book_544,1
user_58,book_797,2
user_58,book_41,5
user_58,book_761,2
user_58,book_312,5
user_58,book_879,2
user_58,book_419,1
user_58,book_825,1
user_58,book_710,3
user_58,book_149,1
user_58,book_129,1
user_58,book_266,2
user_58,book_765,2
user_58,book_329,5
user_58,book_324,5
user_58,book_273,2
user_58,book_254,1
user_58,book_180,2
user_58,book_599,1
user_58,book_681,1
user_58,book_442,2
user_58,book_987,2
user_58,book_550,2
user_58,book_887,2
user_58,book_600,4
user_58,book_478,4
user_58,book_949,1
user_58,book_370,5
user_58,book_794,3
user_58,book_690,5
user_58,book_836,4
user_59,book_464,2
user_59,book_512,5
user_59,book_575,5
user_59,book_965,1
user_59,book_476,3
user_59,book_810,2
user_59,book_579,5
user_59,book_348,1
user_59,book_611,4
user_59,book_80,3
user_59,book_897,5
user_59,book_687,1
user_59,book_52,5
user_59,book_706,2
user_59,book_961,1
user_59,book_57,3
user_59,book_854,1
user_59,book_703,2
user_59,book_88,3
user_59,book_262,5
user_59,book_794,4
user_59,book_246,1
user_59,book_387,3
user_59,book_726,1
user_59,book_876,3
user_59,book_86,2
user_59,book_284,4
user_59,book_193,3
user_59,book_319,5
user_59,book_803,1
user_59,book_235,2
user_59,book_154,1
user_59,book_985,5
user_59,book_541,3
user_59,book_293,4
user_59,book_833,4
user_59,book_943,5
user_59,book_522,4
user_59,book_932,2
user_59,book_908,3
user_59,book_834,1
user_59,book_697,1
user_59,book_65,4
user_59,book_151,3
user_59,book_523,2
user_59,book_770,4
user_59,book_686,2
user_59,book_836,5
user_59,book_499,2
user_59,book_455,1
user_60,book_225,1
user_60,book_802,2
user_60,book_350,2
user_60,book_950,5
user_60,book_311,5
user_60,book_586,3
user_60,book_181,1
user_60,book_632,4
user_60,book_919,2
user_60,book_178,1
user_60,book_78,1
user_60,book_797,1
user_60,book_236,3
user_60,book_887,5
user_60,book_69,2
user_60,book_321,1
user_60,book_942,4
user_60,book_337,3
user_60,book_527,4
user_60,book_963,1
user_60,book_218,5
user_60,book_667,5
user_60,book_495,2
user_60,book_656,2
user_60,book_612,2
user_60,book_993,4
user_60,book_503,3
user_60,book_202,3
user_60,book_799,3
user_60,book_196,3
user_60,book_286,3
user_60,book_448,5
user_60,book_160,1
user_60,book_793,2
user_60,book_567,1
user_60,book_629,1
user_60,book_877,5
user_60,book_654,4
user_60,book_37,1
user_60,book_542,4
user_60,book_959,3
user_60,book_429,3
user_60,book_721,5
user_60,book_617,5
user_60,book_783,2
user_60,book_242,1
user_60,book_675,1
user_60,book_402,1
user_60,book_251,2
user_60,book_976,4
user_61,book_338,5
user_61,book_487,3
user_61,book_472,2
user_61,book_519,2
user_61,book_852,1
user_61,book_237,1
user_61,book_362,3
user_61,book_959,1
user_61,book_762,5
user_61,book_340,5
user_61,book_44,4
user_61,book_460,1
user_61,book_835,1
user_61,book_238,3
user_61,book_337,1
user_61,book_798,2
user_61,book_700,4
user_61,book_301,2
user_61,book_879,3
user_61,book_215,3
user_61,book_732,4
user_61,book_837,2
user_61,book_394,3
user_61,book_233,1
user_61,book_402,3
user_61,book_995,3
user_61,book_856,1
user_61,book_828,5
user_61,book_567,2
user_61,book_756,3
user_61,book_563,2
user_61,book_327,4
user_61,book_251,2
user_61,book_508,3
user_61,book_83,1
user_61,book_617,4
user_61,book_183,2
user_61,book_319,2
user_61,book_360,3
user_61,book_656,2
user_61,book_766,2
user_61,book_795,2
user_61,book_864,2
user_61,book_915,2
user_61,book_250,2
user_61,book_239,4
user_61,book_146,2
user_61,book_430,4
user_61,book_413,3
user_61,book_77,5
user_62,book_347,4
user_62,book_581,4
user_62,book_232,5
user_62,book_79,5
user_62,book_808,1
user_62,book_924,1
user_62,book_825,2
user_62,book_991,3
user_62,book_471,5
user_62,book_94,2
user_62,book_420,5
user_62,book_532,2
user_62,book_288,1
user_62,book_172,2
user_62,book_60,4
user_62,book_900,1
user_62,book_927,2
user_62,book_206,5
user_62,book_152,5
user_62,book_680,3
user_62,book_707,4
user_62,book_917,1
user_62,book_690,1
user_62,book_254,3
user_62,book_246,3
user_62,book_790,1
user_62,book_946,3
user_62,book_335,4
user_62,book_889,3
user_62,book_121,2
user_62,book_867,2
user_62,book_949,3
user_62,book_626,4
user_62,book_805,2
user_62,book_873,4
user_62,book_818,3
user_62,book_322,3
user_62,book_213,2
user_62,book_922,4
user_62,book_283,2
user_62,book_770,2
user_62,book_36,2
user_62,book_493,4
user_62,book_470,1
user_62,book_145,3
user_62,book_571,3
user_62,book_899,3
user_62,book_865,4
user_62,book_641,2
user_62,book_919,4
user_63,book_731,5
user_63,book_574,1
user_63,book_363,5
user_63,book_157,5
user_63,book_521,2
user_63,book_31,1
user_63,book_886,5
user_63,book_427,3
user_63,book_191,1
user_63,book_301,3
user_63,book_927,3
user_63,book_613,1
user_63,book_593,3
user_63,book_214,3
user_63,book_533,4
user_63,book_563,4
user_63,book_228,5
user_63,book_276,2
user_63,book_544,3
user_63,book_969,1
user_63,book_655,5
user_63,book_795,3
user_63,book_472,3
user_63,book_716,1
user_63,book_991,1
user_63,book_946,4
user_63,book_641,2
user_63,book_979,1
user_63,book_258,4
user_63,book_571,5
user_63,book_658,4
user_63,book_762,2
user_63,book_723,1
user_63,book_237,1
user_63,book_141,1
user_63,book_646,1
user_63,book_674,5
user_63,book_734,1
user_63,book_522,4
user_63,book_750,2
user_63,book_809,1
user_63,book_865,2
user_63,book_710,1
user_63,book_520,5
user_63,book_186,1
user_63,book_244,3
user_63,book_681,5
user_63,book_783,5
user_63,book_746,2
user_63,book_877,1
user_64,book_799,5
user_64,book_993,1
user_64,book_975,1
user_64,book_656,1
user_64,book_64,3
user_64,book_614,1
user_64,book_193,2
user_64,book_904,3
user_64,book_913,2
user_64,book_538,3
user_64,book_39,2
user_64,book_233,1
user_64,book_864,5
user_64,book_625,1
user_64,book_286,4
user_64,book_97,2
user_64,book_602,2
user_64,book_355,5
user_64,book_574,3
user_64,book_126,2
user_64,book_747,1
user_64,book_934,1
user_64,book_85,1
user_64,book_946,4
user_64,book_608,3
user_64,book_212,5
user_64,book_18,1
user_64,book_718,3
user_64,book_42,4
user_64,book_967,1
user_64,book_527,4
user_64,book_836,3
user_64,book_847,4
user_64,book_729,4
user_64,book_650,1
user_64,book_672,4
user_64,book_930,5
user_64,book_443,5
user_64,book_951,2
user_64,book_968,4
user_64,book_628,2
user_64,book_180,2
user_64,book_467,4
user_64,book_601,2
user_64,book_190,2
user_64,book_160,1
user_64,book_457,4
user_64,book_678,2
user_64,book_549,1
user_64,book_830,5
user_65,book_752,4
user_65,book_485,3
user_65,book_819,1
user_65,book_242,2
user_65,book_768,4
user_65,book_788,2
user_65,book_161,4
user_65,book_551,3
user_65,book_73,4
user_65,book_393,2
user_65,book_623,4
user_65,book_762,1
user_65,book_923,2
user_65,book_124,4
user_65,book_381,1
user_65,book_943,1
user_65,book_94,5
user_65,book_110,5
user_65,book_425,4
user_65,book_546,5
user_65,book_661,3
user_65,book_253,5
user_65,book_670,5
user_65,book_59,3
user_65,book_358,4
user_65,book_330,1
user_65,book_285,2
user_65,book_332,4
user_65,book_842,4
user_65,book_400,1
user_65,book_890,1
user_65,book_695,5
user_65,book_388,3
user_65,book_433,1
user_65,book_785,1
user_65,book_589,2
user_65,book_798,5
user_65,book_487,4
user_65,book_264,5
user_65,book_479,5
user_65,book_864,2
user_65,book_547,4
user_65,book_64,5
user_65,book_31,5
user_65,book_258,1
user_65,book_187,4
user_65,book_782,4
user_65,book_236,3
user_65,book_579,4
user_65,book_344,3
user_66,book_152,3
user_66,book_538,5
user_66,book_988,4
user_66,book_457,5
user_66,book_502,5
user_66,book_238,1
user_66,book_654,5
user_66,book_908,4
user_66,book_837,5
user_66,book_369,2
user_66,book_39,4
user_66,book_728,3
user_66,book_569,4
user_66,book_725,3
user_66,book_359,1
user_66,book_335,3
user_66,book_494,5
user_66,book_518,5
user_66,book_962,3
user_66,book_428,3
user_66,book_860,5
user_66,book_445,3
user_66,book_80,3
user_66,book_206,4
user_66,book_536,4
user_66,book_805,5
user_66,book_778,5
user_66,book_208,4
user_66,book_516,2
user_66,book_831,3
user_66,book_973,5
user_66,book_196,5
user_66,book_259,3
user_66,book_1000,4
user_66,book_990,1
user_66,book_105,1
user_66,book_220,4
user_66,book_229,1
user_66,book_942,4
user_66,book_583,3
user_66,book_474,4
user_66,book_192,5
user_66,book_662,3
user_66,book_634,5
user_66,book_718,2
user_66,book_665,4
user_66,book_383,5
user_66,book_890,3
user_66,book_34,4
user_66,book_833,3
user_67,book_537,5
user_67,book_876,3
user_67,book_150,3
user_67,book_404,3
user_67,book_643,3
user_67,book_632,1
user_67,book_105,1
user_67,book_856,5
user_67,book_729,2
user_67,book_808,3
user_67,book_201,4
user_67,book_580,2
user_67,book_474,2
user_67,book_159,1
user_67,book_393,5
user_67,book_659,2
user_67,book_777,2
user_67,book_120,3
user_67,book_90,4
user_67,book_464,2
user_67,book_302,2
user_67,book_442,5
user_67,book_73,3
user_67,book_530,3
user_67,book_699,3
user_67,book_913,2
user_67,book_536,4
user_67,book_768,2
user_67,book_392,1
user_67,book_569,2
user_67,book_57,5
user_67,book_661,3
user_67,book_679,5
user_67,book_65,5
user_67,book_377,4
user_67,book_477,2
user_67,book_191,5
user_67,book_364,2
user_67,book_47,5
user_67,book_305,4
user_67,book_417,4
user_67,book_825,2
user_67,book_9,4
user_67,book_865,1
user_67,book_414,5
user_67,book_168,4
user_67,book_86,2
user_67,book_719,2
user_67,book_638,3
user_67,book_68,1
user_68,book_190,1
user_68,book_711,4
user_68,book_506,4
user_68,book_550,5
user_68,book_873,3
user_68,book_212,1
user_68,book_363,3
user_68,book_13,3
user_68,book_477,2
user_68,book_193,3
user_68,book_673,4
user_68,book_74,1
user_68,book_543,4
user_68,book_753,5
user_68,book_667,4
user_68,book_437,3
user_68,book_877,2
user_68,book_377,3
user_68,book_478,2
user_68,book_245,2
user_68,book_520,3
user_68,book_842,2
user_68,book_123,1
user_68,book_920,4
user_68,book_188,2
user_68,book_15,3
user_68,book_200,5
user_68,book_579,5
user_68,book_326,2
user_68,book_344,4
user_68,book_889,3
user_68,book_489,4
user_68,book_445,2
user_68,book_468,5
user_68,book_745,3
user_68,book_270,2
user_68,book_152,3
user_68,book_631,5
user_68,book_146,5
user_68,book_356,4
user_68,book_253,5
user_68,book_81,5
user_68,book_668,2
user_68,book_532,5
user_68,book_231,4
user_68,book_955,1
user_68,book_722,3
user_68,book_12,5
user_68,book_603,3
user_68,book_259,1
user_69,book_865,4
user_69,book_64,3
user_69,book_989,2
user_69,book_381,1
user_69,book_274,2
user_69,book_82,5
user_69,book_908,1
user_69,book_455,4
user_69,book_549,5
user_69,book_981,3
user_69,book_605,5
user_69,book_670,4
user_69,book_925,4
user_69,book_945,4
user_69,book_735,4
user_69,book_41,2
user_69,book_506,5
user_69,book_579,4
user_69,book_515,4
user_69,book_966,3
user_69,book_901,5
user_69,book_497,1
user_69,book_198,3
user_69,book_366,2
user_69,book_304,3
user_69,book_633,2
user_69,book_62,2
user_69,book_557,4
user_69,book_44,3
user_69,book_530,1
user_69,book_259,5
user_69,book_671,5
user_69,book_569,5
user_69,book_789,1
user_69,book_434,4
user_69,book_969,4
user_69,book_730,1
user_69,book_623,3
user_69,book_14,2
user_69,book_510,1
user_69,book_751,5
user_69,book_785,4
user_69,book_179,1
user_69,book_384,4
user_69,book_129,1
user_69,book_984,3
user_69,book_886,5
user_69,book_341,3
user_69,book_546,2
user_69,book_37,2
user_70,book_946,5
user_70,book_754,4
user_70,book_466,3
user_70,book_420,5
user_70,book_279,3
user_70,book_409,5
user_70,book_854,5
user_70,book_964,5
user_70,book_600,2
user_70,book_9,1
user_70,book_298,3
user_70,book_301,4
user_70,book_367,5
user_70,book_732,2
user_70,book_594,5
user_70,book_536,5
user_70,book_421,4
user_70,book_899,5
user_70,book_304,5
user_70,book_860,5
user_70,book_74,5
user_70,book_885,5
user_70,book_505,4
user_70,book_539,2
user_70,book_184,2
user_70,book_272,1
user_70,book_438,5
user_70,book_562,4
user_70,book_552,2
user_70,book_469,4
user_70,book_385,4
user_70,book_228,2
user_70,book_266,1
user_70,book_960,2
user_70,book_891,5
user_70,book_909,2
user_70,book_631,3
user_70,book_210,3
user_70,book_397,2
user_70,book_68,4
user_70,book_759,2
user_70,book_82,2
user_70,book_71,3
user_70,book_482,1
user_70,book_553,3
user_70,book_209,1
user_70,book_55,2
user_70,book_948,3
user_70,book_687,5
user_70,book_994,5
user_71,book_178,5
user_71,book_455,3
user_71,book_903,2
user_71,book_234,4
user_71,book_650,1
user_71,book_396,1
user_71,book_189,2
user_71,book_355,4
user_71,book_313,2
user_71,book_764,1
user_71,book_270,2
user_71,book_917,4
user_71,book_502,1
user_71,book_438,3
user_71,book_619,5
user_71,book_914,5
user_71,book_521,3
user_71,book_129,4
user_71,book_337,2
user_71,book_418,3
user_71,book_673,3
user_71,book_169,3
user_71,book_378,2
user_71,book_287,5
user_71,book_956,2
user_71,book_158,1
user_71,book_326,4
user_71,book_585,1
user_71,book_982,3
user_71,book_882,2
user_71,book_297,5
user_71,book_471,4
user_71,book_965,1
user_71,book_912,2
user_71,book_729,4
user_71,book_274,3
user_71,book_806,5
user_71,book_235,2
user_71,book_645,1
user_71,book_230,3
user_71,book_952,5
user_71,book_283,3
user_71,book_10,5
user_71,book_680,2
user_71,book_862,3
user_71,book_114,4
user_71,book_216,5
user_71,book_599,1
user_71,book_892,1
user_71,book_186,5
user_72,book_728,5
user_72,book_798,3
user_72,book_122,2
user_72,book_290,4
user_72,book_949,1
user_72,book_873,1
user_72,book_340,2
user_72,book_785,4
user_72,book_588,1
user_72,book_82,2
user_72,book_191,3
user_72,book_840,4
user_72,book_773,4
user_72,book_28,2
user_72,book_489,4
user_72,book_862,4
user_72,book_991,3
user_72,book_957,2
user_72,book_745,5
user_72,book_601,4
user_72,book_799,2
user_72,book_229,2
user_72,book_973,4
user_72,book_819,4
user_72,book_424,3
user_72,book_987,5
user_72,book_783,4
user_72,book_468,3
user_72,book_961,4
user_72,book_886,5
user_72,book_346,5
user_72,book_570,5
user_72,book_778,2
user_72,book_158,5
user_72,book_378,4
user_72,book_287,1
user_72,book_482,2
user_72,book_830,1
user_72,book_707,2
user_72,book_650,1
user_72,book_599,2
user_72,book_827,3
user_72,book_681,2
user_72,book_285,5
user_72,book_737,4
user_72,book_303,3
user_72,book_651,1
user_72,book_952,4
user_72,book_698,2
user_72,book_781,4
user_73,book_957,4
user_73,book_759,2
user_73,book_676,3
user_73,book_648,1
user_73,book_85,5
user_73,book_496,5
user_73,book_733,2
user_73,book_185,2
user_73,book_76,1
user_73,book_825,5
user_73,book_516,1
user_73,book_723,5
user_73,book_375,3
user_73,book_132,1
user_73,book_975,3
user_73,book_522,5
user_73,book_657,4
user_73,book_310,5
user_73,book_958,1
user_73,book_478,2
user_73,book_564,5
user_73,book_182,3
user_73,book_662,3
user_73,book_97,3
user_73,book_44,4
user_73,book_891,4
user_73,book_114,5
user_73,book_703,3
user_73,book_91,1
user_73,book_29,1
user_73,book_832,3
user_73,book_319,1
user_73,book_376,1
user_73,book_372,3
user_73,book_921,5
user_73,book_747,5
user_73,book_925,5
user_73,book_217,4
user_73,book_443,5
user_73,book_451,2
user_73,book_943,5
user_73,book_678,1
user_73,book_639,2
user_73,book_275,1
user_73,book_277,1
user_73,book_784,5
user_73,book_211,3
user_73,book_754,4
user_73,book_577,3
user_73,book_744,2
user_74,book_767,4
user_74,book_869,4
user_74,book_366,4
user_74,book_876,1
user_74,book_437,1
user_74,book_581,5
user_74,book_132,1
user_74,book_530,1
user_74,book_947,5
user_74,book_330,3
user_74,book_400,5
user_74,book_457,4
user_74,book_25,4
user_74,book_462,2
user_74,book_94,3
user_74,book_574,3
user_74,book_937,5
user_74,book_650,3
user_74,book_818,1
user_74,book_536,2
user_74,book_319,3
user_74,book_940,3
user_74,book_944,2
user_74,book_96,5
user_74,book_907,1
user_74,book_160,3
user_74,book_500,3
user_74,book_369,3
user_74,book_697,3
user_74,book_824,5
user_74,book_317,2
user_74,book_373,4
user_74,book_308,3
user_74,book_483,4
user_74,book_182,1
user_74,book_909,3
user_74,book_705,1
user_74,book_508,2
user_74,book_867,2
user_74,book_648,3
user_74,book_53,5
user_74,book_10,4
user_74,book_204,3
user_74,book_496,5
user_74,book_696,4
user_74,book_449,1
user_74,book_970,4
user_74,book_428,4
user_74,book_481,3
user_74,book_179,2
user_75,book_42,4
user_75,book_556,5
user_75,book_653,1
user_75,book_310,2
user_75,book_566,4
user_75,book_41,3
user_75,book_750,2
user_75,book_258,4
user_75,book_200,1
user_75,book_930,4
user_75,book_859,2
user_75,book_972,3
user_75,book_718,3
user_75,book_962,1
user_75,book_731,5
user_75,book_60,4
user_75,book_793,5
user_75,book_341,3
user_75,book_393,2
user_75,book_226,4
user_75,book_624,4
user_75,book_327,1
user_75,book_581,1
user_75,book_647,4
user_75,book_946,3
user_75,book_516,5
user_75,book_459,3
user_75,book_474,5
user_75,book_878,5
user_75,book_855,1
user_75,book_508,1
user_75,book_915,4
user_75,book_717,5
user_75,book_141,5
user_75,book_469,2
user_75,book_115,1
user_75,book_800,4
user_75,book_655,4
user_75,book_318,1
user_75,book_764,1
user_75,book_57,2
user_75,book_288,3
user_75,book_47,4
user_75,book_951,1
user_75,book_362,3
user_75,book_229,2
user_75,book_198,3
user_75,book_883,4
user_75,book_160,5
user_75,book_388,4
user_76,book_998,3
user_76,book_309,3
user_76,book_686,2
user_76,book_274,4
user_76,book_74,3
user_76,book_285,5
user_76,book_407,3
user_76,book_296,4
user_76,book_696,1
user_76,book_253,5
user_76,book_104,2
user_76,book_175,3
user_76,book_778,3
user_76,book_550,4
user_76,book_736,3
user_76,book_677,4
user_76,book_785,4
user_76,book_617,1
user_76,book_46,1
user_76,book_858,3
user_76,book_636,5
user_76,book_306,3
user_76,book_427,5
user_76,book_933,3
user_76,book_842,5
user_76,book_113,4
user_76,book_893,2
user_76,book_591,2
user_76,book_7,2
user_76,book_141,1
user_76,book_762,2
user_76,book_414,3
user_76,book_926,2
user_76,book_45,4
user_76,book_592,2
user_76,book_212,1
user_76,book_252,4
user_76,book_666,3
user_76,book_786,4
user_76,book_297,4
user_76,book_242,4
user_76,book_397,3
user_76,book_853,1
user_76,book_33,3
user_76,book_719,4
user_76,book_326,1
user_76,book_526,2
user_76,book_746,3
user_76,book_523,1
user_76,book_791,3
user_77,book_314,4
user_77,book_806,1
user_77,book_937,5
user_77,book_971,3
user_77,book_555,1
user_77,book_988,5
user_77,book_998,4
user_77,book_102,3
user_77,book_298,5
user_77,book_98,1
user_77,book_136,4
user_77,book_386,3
user_77,book_669,4
user_77,book_426,1
user_77,book_604,5
user_77,book_415,1
user_77,book_497,1
user_77,book_114,3
user_77,book_33,1
user_77,book_760,3
user_77,book_548,2
user_77,book_220,2
user_77,book_663,3
user_77,book_897,2
user_77,book_165,3
user_77,book_993,2
user_77,book_118,1
user_77,book_613,1
user_77,book_725,3
user_77,book_414,3
user_77,book_684,3
user_77,book_296,3
user_77,book_176,4
user_77,book_106,1
user_77,book_759,3
user_77,book_594,3
user_77,book_954,5
user_77,book_190,5
user_77,book_565,3
user_77,book_829,5
user_77,book_230,2
user_77,book_105,5
user_77,book_345,3
user_77,book_430,2
user_77,book_8,3
user_77,book_461,5
user_77,book_67,4
user_77,book_738,1
user_77,book_564,3
user_77,book_95,4
user_78,book_855,3
user_78,book_889,1
user_78,book_225,2
user_78,book_738,5
user_78,book_640,1
user_78,book_475,2
user_78,book_966,4
user_78,book_554,3
user_78,book_279,1
user_78,book_817,4
user_78,book_478,3
user_78,book_409,3
user_78,book_431,2
user_78,book_589,5
user_78,book_238,4
user_78,book_98,5
user_78,book_818,1
user_78,book_661,4
user_78,book_20,4
user_78,book_321,5
user_78,book_268,2
user_78,book_236,4
user_78,book_65,4
user_78,book_233,5
user_78,book_710,2
user_78,book_983,1
user_78,book_812,2
user_78,book_608,2
user_78,book_705,1
user_78,book_835,1
user_78,book_448,3
user_78,book_240,2
user_78,book_833,3
user_78,book_370,2
user_78,book_937,2
user_78,book_655,5
user_78,book_337,4
user_78,book_751,2
user_78,book_766,2
user_78,book_231,3
user_78,book_780,2
user_78,book_347,5
user_78,book_944,3
user_78,book_244,5
user_78,book_859,2
user_78,book_252,1
user_78,book_436,3
user_78,book_532,1
user_78,book_286,3
user_78,book_819,4
user_79,book_142,4
user_79,book_867,3
user_79,book_474,4
user_79,book_731,4
user_79,book_152,3
user_79,book_805,5
user_79,book_124,1
user_79,book_975,3
user_79,book_218,1
user_79,book_663,4
user_79,book_498,3
user_79,book_444,5
user_79,book_194,3
user_79,book_801,2
user_79,book_851,5
user_79,book_230,4
user_79,book_746,5
user_79,book_523,5
user_79,book_223,3
user_79,book_737,3
user_79,book_479,5
user_79,book_342,4
user_79,book_706,5
user_79,book_784,2
user_79,book_918,3
user_79,book_364,1
user_79,book_70,4
user_79,book_576,5
user_79,book_137,1
user_79,book_512,5
user_79,book_416,2
user_79,book_729,1
user_79,book_699,2
user_79,book_695,4
user_79,book_74,4
user_79,book_635,2
user_79,book_570,5
user_79,book_422,1
user_79,book_848,4
user_79,book_371,1
user_79,book_999,2
user_79,book_146,1
user_79,book_967,1
user_79,book_944,2
user_79,book_766,4
user_79,book_219,4
user_79,book_977,5
user_79,book_21,1
user_79,book_578,3
user_79,book_682,5
user_80,book_569,4
user_80,book_590,4
user_80,book_367,2
user_80,book_182,1
user_80,book_247,4
user_80,book_152,1
user_80,book_335,1
user_80,book_938,5
user_80,book_1000,5
user_80,book_720,5
user_80,book_917,2
user_80,book_854,5
user_80,book_463,2
user_80,book_686,1
user_80,book_762,3
user_80,book_400,5
user_80,book_662,3
user_80,book_669,3
user_80,book_416,1
user_80,book_705,5
user_80,book_911,3
user_80,book_50,5
user_80,book_883,5
user_80,book_875,5
user_80,book_845,3
user_80,book_503,4
user_80,book_224,4
user_80,book_541,2
user_80,book_283,3
user_80,book_276,3
user_80,book_446,2
user_80,book_540,5
user_80,book_905,3
user_80,book_760,5
user_80,book_489,5
user_80,book_645,2
user_80,book_521,3
user_80,book_800,4
user_80,book_779,4
user_80,book_512,2
user_80,book_772,3
user_80,book_802,4
user_80,book_959,4
user_80,book_632,1
user_80,book_304,1
user_80,book_656,2
user_80,book_148,1
user_80,book_361,5
user_80,book_838,5
user_80,book_892,2
user_81,book_852,4
user_81,book_9,5
user_81,book_273,1
user_81,book_203,2
user_81,book_229,2
user_81,book_664,4
user_81,book_828,4
user_81,book_949,5
user_81,book_2,5
user_81,book_482,3
user_81,book_545,4
user_81,book_341,2
user_81,book_400,1
user_81,book_367,3
user_81,book_908,4
user_81,book_841,5
user_81,book_80,2
user_81,book_131,3
user_81,book_498,1
user_81,book_172,5
user_81,book_630,3
user_81,book_571,4
user_81,book_128,5
user_81,book_964,3
user_81,book_520,4
user_81,book_180,4
user_81,book_706,1
user_81,book_425,2
user_81,book_189,2
user_81,book_959,5
user_81,book_495,2
user_81,book_766,3
user_81,book_618,1
user_81,book_957,2
user_81,book_204,5
user_81,book_258,5
user_81,book_354,2
user_81,book_624,3
user_81,book_320,5
user_81,book_877,2
user_81,book_711,1
user_81,book_575,2
user_81,book_750,5
user_81,book_874,3
user_81,book_743,4
user_81,book_30,2
user_81,book_485,1
user_81,book_465,1
user_81,book_81,2
user_81,book_937,5
user_82,book_479,1
user_82,book_787,3
user_82,book_181,1
user_82,book_225,2
user_82,book_51,1
user_82,book_360,2
user_82,book_228,2
user_82,book_475,4
user_82,book_713,2
user_82,book_459,3
user_82,book_447,1
user_82,book_391,3
user_82,book_429,3
user_82,book_113,2
user_82,book_281,5
user_82,book_207,5
user_82,book_899,3
user_82,book_996,4
user_82,book_575,1
user_82,book_683,1
user_82,book_982,2
user_82,book_673,5
user_82,book_254,4
user_82,book_238,4
user_82,book_562,3
user_82,book_1000,3
user_82,book_842,1
user_82,book_344,5
user_82,book_311,5
user_82,book_815,4
user_82,book_708,2
user_82,book_664,2
user_82,book_881,2
user_82,book_463,2
user_82,book_373,5
user_82,book_235,4
user_82,book_533,1
user_82,book_519,3
user_82,book_162,3
user_82,book_165,2
user_82,book_6,3
user_82,book_387,3
user_82,book_670,1
user_82,book_384,3
user_82,book_192,1
user_82,book_252,3
user_82,book_921,1
user_82,book_54,4
user_82,book_188,5
user_82,book_70,2
user_83,book_321,1
user_83,book_391,4
user_83,book_40,1
user_83,book_693,3
user_83,book_839,1
user_83,book_372,3
user_83,book_633,4
user_83,book_891,1
user_83,book_772,1
user_83,book_46,4
user_83,book_877,2
user_83,book_418,2
user_83,book_367,1
user_83,book_921,4
user_83,book_215,1
user_83,book_715,3
user_83,book_724,3
user_83,book_559,3
user_83,book_196,3
user_83,book_68,2
user_83,book_859,2
user_83,book_558,4
user_83,book_97,2
user_83,book_444,1
user_83,book_330,2
user_83,book_893,4
user_83,book_149,2
user_83,book_435,2
user_83,book_570,2
user_83,book_110,3
user_83,book_967,1
user_83,book_903,1
user_83,book_345,3
user_83,book_195,5
user_83,book_432,2
user_83,book_170,4
user_83,book_748,3
user_83,book_112,2
user_83,book_91,2
user_83,book_446,4
user_83,book_160,1
user_83,book_931,3
user_83,book_807,1
user_83,book_228,1
user_83,book_20,2
user_83,book_36,2
user_83,book_968,5
user_83,book_793,2
user_83,book_335,1
user_83,book_738,4
user_84,book_641,3
user_84,book_202,4
user_84,book_336,2
user_84,book_834,4
user_84,book_100,3
user_84,book_979,2
user_84,book_48,2
user_84,book_99,3
user_84,book_735,4
user_84,book_323,3
user_84,book_298,4
user_84,book_767,5
user_84,book_558,1
user_84,book_998,4
user_84,book_226,4
user_84,book_156,1
user_84,book_281,1
user_84,book_232,2
user_84,book_893,4
user_84,book_87,3
user_84,book_431,5
user_84,book_874,2
user_84,book_366,1
user_84,book_903,1
user_84,book_521,2
user_84,book_391,3
user_84,book_813,3
user_84,book_570,3
user_84,book_243,5
user_84,book_138,1
user_84,book_9,3
user_84,book_669,2
user_84,book_186,4
user_84,book_618,2
user_84,book_739,1
user_84,book_741,1
user_84,book_483,1
user_84,book_286,1
user_84,book_858,4
user_84,book_387,4
user_84,book_829,5
user_84,book_242,4
user_84,book_118,5
user_84,book_806,1
user_84,book_553,4
user_84,book_632,4
user_84,book_219,2
user_84,book_476,1
user_84,book_28,3
user_84,book_449,3
user_85,book_887,5
user_85,book_490,5
user_85,book_731,2
user_85,book_795,4
user_85,book_262,1
user_85,book_19,3
user_85,book_928,2
user_85,book_178,4
user_85,book_377,5
user_85,book_215,3
user_85,book_251,4
user_85,book_567,5
user_85,book_486,2
user_85,book_654,2
user_85,book_513,2
user_85,book_109,1
user_85,book_282,3
user_85,book_717,5
user_85,book_17,1
user_85,book_294,1
user_85,book_742,5
user_85,book_919,1
user_85,book_284,2
user_85,book_48,4
user_85,book_655,3
user_85,book_656,5
user_85,book_483,3
user_85,book_6,4
user_85,book_2,4
user_85,book_360,4
user_85,book_619,1
user_85,book_368,3
user_85,book_41,3
user_85,book_485,1
user_85,book_468,4
user_85,book_331,2
user_85,book_123,4
user_85,book_841,1
user_85,book_405,5
user_85,book_678,1
user_85,book_912,2
user_85,book_593,4
user_85,book_337,2
user_85,book_583,2
user_85,book_229,3
user_85,book_733,3
user_85,book_691,2
user_85,book_161,2
user_85,book_476,4
user_85,book_556,4
user_86,book_605,5
user_86,book_539,1
user_86,book_345,5
user_86,book_386,2
user_86,book_491,1
user_86,book_677,4
user_86,book_822,3
user_86,book_873,1
user_86,book_198,2
user_86,book_562,5
user_86,book_378,1
user_86,book_969,1
user_86,book_250,3
user_86,book_675,2
user_86,book_125,5
user_86,book_153,2
user_86,book_876,1
user_86,book_475,5
user_86,book_696,4
user_86,book_632,1
user_86,book_844,1
user_86,book_552,5
user_86,book_862,4
user_86,book_266,4
user_86,book_165,3
user_86,book_282,5
user_86,book_281,2
user_86,book_292,3
user_86,book_156,4
user_86,book_160,1
user_86,book_757,1
user_86,book_813,4
user_86,book_768,4
user_86,book_460,5
user_86,book_441,5
user_86,book_692,5
user_86,book_490,3
user_86,book_666,3
user_86,book_442,1
user_86,book_937,5
user_86,book_218,3
user_86,book_918,2
user_86,book_251,2
user_86,book_427,1
user_86,book_470,4
user_86,book_494,4
user_86,book_24,5
user_86,book_437,3
user_86,book_621,5
user_86,book_152,5
user_87,book_554,3
user_87,book_848,5
user_87,book_105,2
user_87,book_46,4
user_87,book_739,1
user_87,book_807,4
user_87,book_338,1
user_87,book_335,3
user_87,book_100,2
user_87,book_276,3
user_87,book_288,3
user_87,book_621,1
user_87,book_206,2
user_87,book_313,4
user_87,book_380,3
user_87,book_595,1
user_87,book_278,3
user_87,book_155,5
user_87,book_127,2
user_87,book_208,2
user_87,book_21,5
user_87,book_27,4
user_87,book_483,4
user_87,book_772,3
user_87,book_176,3
user_87,book_930,2
user_87,book_68,1
user_87,book_895,5
user_87,book_273,2
user_87,book_712,1
user_87,book_485,1
user_87,book_833,2
user_87,book_710,2
user_87,book_256,5
user_87,book_136,2
user_87,book_580,5
user_87,book_184,1
user_87,book_506,1
user_87,book_199,3
user_87,book_824,5
user_87,book_291,5
user_87,book_72,3
user_87,book_75,5
user_87,book_218,2
user_87,book_97,2
user_87,book_454,1
user_87,book_55,3
user_87,book_591,1
user_87,book_552,4
user_87,book_327,4
user_88,book_567,1
user_88,book_990,2
user_88,book_507,4
user_88,book_240,2
user_88,book_517,5
user_88,book_956,4
user_88,book_588,3
user_88,book_904,1
user_88,book_741,1
user_88,book_638,1
user_88,book_802,4
user_88,book_838,1
user_88,book_48,1
user_88,book_713,1
user_88,book_95,2
user_88,book_907,3
user_88,book_695,3
user_88,book_60,1
user_88,book_635,1
user_88,book_234,3
user_88,book_252,2
user_88,book_341,1
user_88,book_457,3
user_88,book_972,5
user_88,book_223,3
user_88,book_358,3
user_88,book_997,5
user_88,book_620,3
user_88,book_459,3
user_88,book_525,3
user_88,book_589,2
user_88,book_8,4
user_88,book_141,2
user_88,book_281,1
user_88,book_655,4
user_88,book_672,1
user_88,book_65,5
user_88,book_357,4
user_88,book_960,3
user_88,book_753,4
user_88,book_19,2
user_88,book_527,4
user_88,book_365,5
user_88,book_270,1
user_88,book_936,5
user_88,book_11,2
user_88,book_314,1
user_88,book_53,5
user_88,book_490,1
user_88,book_224,3
user_89,book_557,4
user_89,book_50,5
user_89,book_678,5
user_89,book_376,2
user_89,book_923,1
user_89,book_803,2
user_89,book_929,1
user_89,book_843,2
user_89,book_596,4
user_89,book_842,5
user_89,book_387,1
user_89,book_771,1
user_89,book_198,2
user_89,book_628,2
user_89,book_60,5
user_89,book_173,3
user_89,book_601,3
user_89,book_983,5
user_89,book_247,5
user_89,book_864,2
user_89,book_35,2
user_89,book_994,2
user_89,book_758,1
user_89,book_648,4
user_89,book_172,2
user_89,book_924,2
user_89,book_265,3
user_89,book_935,4
user_89,book_708,1
user_89,book_796,3
user_89,book_606,5
user_89,book_357,5
user_89,book_181,2
user_89,book_706,3
user_89,book_773,3
user_89,book_900,1
user_89,book_300,1
user_89,book_423,3
user_89,book_282,5
user_89,book_593,2
user_89,book_209,5
user_89,book_90,3
user_89,book_390,5
user_89,book_32,4
user_89,book_685,1
user_89,book_428,4
user_89,book_452,4
user_89,book_301,1
user_89,book_831,1
user_89,book_579,4
user_90,book_797,2
user_90,book_466,1
user_90,book_767,3
user_90,book_295,2
user_90,book_859,3
user_90,book_126,1
user_90,book_563,4
user_90,book_106,5
user_90,book_120,3
user_90,book_178,5
user_90,book_407,5
user_90,book_864,2
user_90,book_314,2
user_90,book_78,2
user_90,book_718,4
user_90,book_89,4
user_90,book_429,2
user_90,book_459,4
user_90,book_383,5
user_90,book_253,5
user_90,book_476,5
user_90,book_250,4
user_90,book_14,4
user_90,book_835,2
user_90,book_950,1
user_90,book_554,1
user_90,book_711,3
user_90,book_225,4
user_90,book_737,4
user_90,book_134,3
user_90,book_551,5
user_90,book_108,4
user_90,book_170,2
user_90,book_324,3
user_90,book_928,2
user_90,book_307,4
user_90,book_48,4
user_90,book_231,5
user_90,book_18,5
user_90,book_445,4
user_90,book_897,4
user_90,book_890,3
user_90,book_953,4
user_90,book_183,3
user_90,book_448,4
user_90,book_803,3
user_90,book_538,2
user_90,book_425,4
user_90,book_33,1
user_90,book_515,1
user_91,book_988,1
user_91,book_861,3
user_91,book_323,2
user_91,book_427,1
user_91,book_361,5
user_91,book_598,2
user_91,book_291,3
user_91,book_651,4
user_91,book_554,1
user_91,book_976,4
user_91,book_535,3
user_91,book_17,1
user_91,book_197,5
user_91,book_871,1
user_91,book_876,2
user_91,book_723,4
user_91,book_555,1
user_91,book_339,5
user_91,book_297,4
user_91,book_843,3
user_91,book_9,3
user_91,book_520,4
user_91,book_531,5
user_91,book_182,1
user_91,book_580,3
user_91,book_305,4
user_91,book_528,1
user_91,book_449,2
user_91,book_471,3
user_91,book_570,2
user_91,book_594,2
user_91,book_682,3
user_91,book_7,4
user_91,book_519,3
user_91,book_844,2
user_91,book_166,5
user_91,book_484,3
user_91,book_133,3
user_91,book_268,4
user_91,book_985,1
user_91,book_504,5
user_91,book_450,4
user_91,book_795,3
user_91,book_926,2
user_91,book_533,3
user_91,book_742,4
user_91,book_45,4
user_91,book_838,4
user_91,book_36,3
user_91,book_828,5
user_92,book_115,5
user_92,book_518,1
user_92,book_593,1
user_92,book_884,5
user_92,book_55,3
user_92,book_600,3
user_92,book_764,2
user_92,book_131,5
user_92,book_237,1
user_92,book_219,1
user_92,book_943,3
user_92,book_856,5
user_92,book_431,1
user_92,book_670,1
user_92,book_41,5
user_92,book_498,5
user_92,book_966,3
user_92,book_362,5
user_92,book_552,4
user_92,book_168,1
user_92,book_921,5
user_92,book_204,4
user_92,book_563,1
user_92,book_596,3
user_92,book_666,2
user_92,book_306,2
user_92,book_954,5
user_92,book_112,4
user_92,book_505,1
user_92,book_567,2
user_92,book_12,4
user_92,book_114,1
user_92,book_305,5
user_92,book_652,1
user_92,book_590,5
user_92,book_384,5
user_92,book_684,3
user_92,book_545,3
user_92,book_457,1
user_92,book_77,3
user_92,book_932,1
user_92,book_494,4
user_92,book_292,3
user_92,book_618,2
user_92,book_212,4
user_92,book_10,1
user_92,book_898,5
user_92,book_464,4
user_92,book_249,3
user_92,book_211,1
user_93,book_360,4
user_93,book_193,3
user_93,book_85,5
user_93,book_731,5
user_93,book_588,1
user_93,book_532,3
user_93,book_875,1
user_93,book_633,1
user_93,book_96,2
user_93,book_7,5
user_93,book_279,1
user_93,book_59,5
user_93,book_381,3
user_93,book_386,1
user_93,book_524,4
user_93,book_900,4
user_93,book_710,5
user_93,book_129,4
user_93,book_76,1
user_93,book_556,3
user_93,book_362,2
user_93,book_779,1
user_93,book_312,3
user_93,book_479,1
user_93,book_144,3
user_93,book_688,1
user_93,book_119,1
user_93,book_57,1
user_93,book_547,4
user_93,book_456,4
user_93,book_754,4
user_93,book_982,1
user_93,book_239,1
user_93,book_603,3
user_93,book_824,4
user_93,book_136,3
user_93,book_166,5
user_93,book_40,3
user_93,book_375,5
user_93,book_828,2
user_93,book_869,5
user_93,book_738,1
user_93,book_657,1
user_93,book_762,5
user_93,book_97,4
user_93,book_263,1
user_93,book_829,4
user_93,book_858,3
user_93,book_61,2
user_93,book_275,5
user_94,book_518,2
user_94,book_617,4
user_94,book_447,1
user_94,book_626,2
user_94,book_959,2
user_94,book_707,2
user_94,book_184,1
user_94,book_323,5
user_94,book_362,2
user_94,book_271,5
user_94,book_25,1
user_94,book_950,2
user_94,book_276,1
user_94,book_711,1
user_94,book_436,4
user_94,book_26,4
user_94,book_136,4
user_94,book_752,5
user_94,book_269,1
user_94,book_525,1
user_94,book_580,2
user_94,book_81,4
user_94,book_733,5
user_94,book_353,2
user_94,book_320,3
user_94,book_188,2
user_94,book_337,5
user_94,book_896,2
user_94,book_764,5
user_94,book_158,3
user_94,book_902,1
user_94,book_33,5
user_94,book_445,5
user_94,book_527,3
user_94,book_387,3
user_94,book_600,5
user_94,book_972,4
user_94,book_253,5
user_94,book_723,5
user_94,book_788,3
user_94,book_43,5
user_94,book_736,1
user_94,book_679,2
user_94,book_194,4
user_94,book_294,3
user_94,book_523,4
user_94,book_552,1
user_94,book_847,4
user_94,book_339,2
user_94,book_546,5
user_95,book_89,4
user_95,book_225,3
user_95,book_228,3
user_95,book_625,5
user_95,book_462,1
user_95,book_835,4
user_95,book_269,4
user_95,book_472,1
user_95,book_118,1
user_95,book_443,4
user_95,book_960,1
user_95,book_284,2
user_95,book_394,2
user_95,book_789,2
user_95,book_715,3
user_95,book_658,1
user_95,book_412,5
user_95,book_424,4
user_95,book_986,3
user_95,book_138,5
user_95,book_740,1
user_95,book_912,1
user_95,book_707,2
user_95,book_287,4
user_95,book_131,4
user_95,book_788,1
user_95,book_145,2
user_95,book_863,1
user_95,book_276,2
user_95,book_212,1
user_95,book_16,1
user_95,book_997,3
user_95,book_135,5
user_95,book_836,4
user_95,book_116,2
user_95,book_328,5
user_95,book_204,3
user_95,book_342,4
user_95,book_537,3
user_95,book_470,2
user_95,book_603,5
user_95,book_431,1
user_95,book_615,2
user_95,book_317,3
user_95,book_773,3
user_95,book_377,2
user_95,book_128,5
user_95,book_800,3
user_95,book_112,1
user_95,book_221,1
user_96,book_505,4
user_96,book_361,2
user_96,book_719,4
user_96,book_782,1
user_96,book_105,1
user_96,book_756,5
user_96,book_102,1
user_96,book_518,2
user_96,book_645,5
user_96,book_224,4
user_96,book_149,5
user_96,book_962,3
user_96,book_128,2
user_96,book_387,2
user_96,book_363,2
user_96,book_819,1
user_96,book_640,2
user_96,book_847,5
user_96,book_773,5
user_96,book_899,1
user_96,book_298,2
user_96,book_686,4
user_96,book_506,1
user_96,book_233,2
user_96,book_440,1
user_96,book_32,1
user_96,book_992,1
user_96,book_909,2
user_96,book_845,4
user_96,book_358,1
user_96,book_614,1
user_96,book_176,4
user_96,book_46,5
user_96,book_583,5
user_96,book_516,4
user_96,book_822,4
user_96,book_416,3
user_96,book_110,4
user_96,book_347,2
user_96,book_340,2
user_96,book_517,4
user_96,book_720,3
user_96,book_314,4
user_96,book_560,1
user_96,book_514,4
user_96,book_852,5
user_96,book_241,3
user_96,book_737,4
user_96,book_868,3
user_96,book_373,2
user_97,book_778,4
user_97,book_634,1
user_97,book_295,5
user_97,book_40,3
user_97,book_570,1
user_97,book_704,3
user_97,book_52,3
user_97,book_875,3
user_97,book_659,3
user_97,book_757,5
user_97,book_692,2
user_97,book_340,2
user_97,book_620,4
user_97,book_703,4
user_97,book_831,4
user_97,book_533,4
user_97,book_13,3
user_97,book_136,1
user_97,book_267,3
user_97,book_150,3
user_97,book_64,2
user_97,book_282,1
user_97,book_713,3
user_97,book_100,4
user_97,book_88,3
user_97,book_702,2
user_97,book_792,4
user_97,book_32,2
user_97,book_314,3
user_97,book_546,3
user_97,book_435,3
user_97,book_21,4
user_97,book_344,5
user_97,book_759,3
user_97,book_175,4
user_97,book_883,4
user_97,book_402,1
user_97,book_983,1
user_97,book_549,1
user_97,book_717,2
user_97,book_201,3
user_97,book_377,5
user_97,book_96,1
user_97,book_179,4
user_97,book_443,1
user_97,book_158,4
user_97,book_950,2
user_97,book_99,2
user_97,book_189,3
user_97,book_882,4
user_98,book_671,5
user_98,book_820,3
user_98,book_78,4
user_98,book_109,1
user_98,book_498,2
user_98,book_276,1
user_98,book_103,4
user_98,book_50,1
user_98,book_69,4
user_98,book_860,1
user_98,book_107,2
user_98,book_615,4
user_98,book_300,3
user_98,book_689,2
user_98,book_186,3
user_98,book_210,2
user_98,book_544,4
user_98,book_20,1
user_98,book_770,5
user_98,book_54,5
user_98,book_891,4
user_98,book_26,4
user_98,book_48,4
user_98,book_259,3
user_98,book_432,4
user_98,book_654,5
user_98,book_568,3
user_98,book_77,4
user_98,book_52,3
user_98,book_409,5
user_98,book_631,1
user_98,book_826,2
user_98,book_778,3
user_98,book_846,5
user_98,book_571,2
user_98,book_797,2
user_98,book_669,1
user_98,book_74,1
user_98,book_246,5
user_98,book_996,5
user_98,book_338,4
user_98,book_876,1
user_98,book_19,4
user_98,book_473,5
user_98,book_340,4
user_98,book_7,3
user_98,book_492,2
user_98,book_774,2
user_98,book_493,4
user_98,book_218,1
user_99,book_948,1
user_99,book_712,2
user_99,book_530,1
user_99,book_733,4
user_99,book_965,4
user_99,book_632,2
user_99,book_436,1
user_99,book_516,1
user_99,book_591,1
user_99,book_395,4
user_99,book_782,2
user_99,book_233,3
user_99,book_58,4
user_99,book_483,5
user_99,book_742,2
user_99,book_330,4
user_99,book_401,1
user_99,book_315,2
user_99,book_533,4
user_99,book_940,5
user_99,book_356,3
user_99,book_329,4
user_99,book_302,4
user_99,book_986,5
user_99,book_976,3
user_99,book_671,4
user_99,book_418,3
user_99,book_224,5
user_99,book_465,5
user_99,book_580,4
user_99,book_885,5
user_99,book_565,1
user_99,book_142,2
user_99,book_586,3
user_99,book_242,2
user_99,book_7,4
user_99,book_331,2
user_99,book_691,1
user_99,book_287,3
user_99,book_660,4
user_99,book_59,2
user_99,book_222,2
user_99,book_169,2
user_99,book_200,1
user_99,book_784,2
user_99,book_405,4
user_99,book_2,5
user_99,book_341,3
user_99,book_306,2
user_99,book_824,5
user_100,book_561,5
user_100,book_389,1
user_100,book_463,5
user_100,book_76,3
user_100,book_602,1
user_100,book_978,1
user_100,book_345,5
user_100,book_368,2
user_100,book_225,4
user_100,book_341,1
user_100,book_912,1
user_100,book_87,3
user_100,book_107,2
user_100,book_50,3
user_100,book_885,1
user_100,book_564,5
user_100,book_350,4
user_100,book_615,3
user_100,book_65,4
user_100,book_174,2
user_100,book_601,3
user_100,book_99,1
user_100,book_417,4
user_100,book_153,1
user_100,book_82,5
user_100,book_606,1
user_100,book_120,1
user_100,book_966,1
user_100,book_137,1
user_100,book_101,4
user_100,book_22,1
user_100,book_869,5
user_100,book_328,2
user_100,book_176,5
user_100,book_386,1
user_100,book_690,5
user_100,book_951,5
user_100,book_241,4
user_100,book_793,1
user_100,book_441,4
user_100,book_873,2
user_100,book_309,5
user_100,book_142,4
user_100,book_804,1
user_100,book_610,2
user_100,book_447,1
user_100,book_650,1
user_100,book_299,4
user_100,book_214,3
user_100,book_932,5
